device_type,packet_size_bytes,latency_ms,connection_count,failed_login_attempts,data_rate_mbps,label
Smart_Light,527.19,16.92,38.02,0,3.07,normal
Smart_Light,1973.76,238.37,453.05,7,22.71,attack
Smart_Thermostat,378.04,23.02,47.49,1,1.92,normal
Smart_Thermostat,506.11,17.42,44.0,0,2.47,normal
Smart_Thermostat,547.44,27.9,46.32,1,2.19,normal
Smart_Thermostat,638.92,25.97,52.19,1,2.44,normal
Smart_Light,513.17,28.21,54.61,1,2.04,normal
CCTV,1296.92,230.58,603.1,13,24.66,attack
Smart_Light,455.18,19.44,64.69,2,1.44,normal
Smart_Light,518.08,16.77,53.61,2,2.77,normal
Smart_Light,430.96,18.6,49.4,2,2.48,normal
Smart_Light,460.54,23.72,47.88,0,1.79,normal
Arduino,469.48,18.42,35.18,2,1.89,normal
Smart_Light,1289.38,183.62,460.79,9,12.68,attack
Smart_Light,466.7,17.43,53.01,1,1.27,normal
Arduino,1494.43,116.32,392.75,10,15.04,attack
CCTV,571.68,25.33,25.01,1,2.74,normal
Smart_Light,539.55,15.45,64.03,1,1.3,normal
Smart_Thermostat,501.4,14.01,57.9,0,2.22,normal
Smart_Thermostat,422.47,20.34,39.38,1,2.24,normal
Arduino,1850.76,243.67,520.57,12,12.78,attack
Smart_Thermostat,1909.17,326.96,467.55,11,18.97,attack
Smart_Light,505.44,20.53,59.21,4,1.89,normal
Smart_Thermostat,508.74,13.92,60.49,0,2.66,normal
CCTV,433.5,19.87,63.43,1,1.63,normal
Smart_Thermostat,431.51,16.14,58.79,2,1.88,normal
Smart_Thermostat,481.34,22.52,77.84,1,1.98,normal
Smart_Thermostat,1462.76,237.02,454.75,9,23.89,attack
Smart_Thermostat,432.93,11.89,38.52,0,2.69,normal
Arduino,1761.73,253.31,404.1,8,26.91,attack
Smart_Light,463.35,20.98,44.44,1,1.94,normal
Arduino,475.73,20.41,73.15,0,1.07,normal
Arduino,1606.33,105.98,596.64,10,17.45,attack
Smart_Thermostat,607.2,23.17,29.75,1,2.09,normal
Smart_Thermostat,463.37,17.11,48.64,1,1.6,normal
Arduino,515.89,11.94,59.45,0,2.63,normal
Smart_Thermostat,460.62,29.62,38.16,0,2.11,normal
CCTV,522.19,23.87,40.73,1,1.97,normal
CCTV,479.0,20.7,50.02,2,2.38,normal
Smart_Thermostat,503.49,18.07,51.14,1,2.33,normal
CCTV,1633.89,256.81,550.14,7,25.3,attack
Smart_Thermostat,475.68,21.04,58.85,0,1.77,normal
Arduino,597.56,19.8,55.29,0,1.91,normal
CCTV,1251.3,171.99,574.73,9,23.05,attack
Smart_Thermostat,1039.78,218.15,614.44,7,24.29,attack
CCTV,473.84,24.75,47.61,0,2.43,normal
CCTV,1617.61,193.77,479.98,10,30.12,attack
CCTV,560.25,14.02,57.71,1,2.33,normal
Arduino,1597.36,283.76,588.9,9,22.48,attack
CCTV,1358.69,211.6,355.19,9,12.96,attack
CCTV,449.03,24.16,42.76,0,1.06,normal
Arduino,516.14,15.86,55.19,1,2.77,normal
CCTV,371.78,25.71,31.03,0,2.3,normal
CCTV,1529.3,161.35,502.45,11,22.49,attack
Smart_Light,1230.83,276.29,536.69,18,21.05,attack
Arduino,427.36,23.92,48.42,0,1.32,normal
Arduino,433.72,16.14,45.05,0,1.98,normal
CCTV,1230.48,224.6,367.98,3,29.16,attack
CCTV,517.03,19.93,63.72,1,1.66,normal
CCTV,764.32,154.94,489.14,10,19.72,attack
CCTV,432.46,16.81,43.43,0,1.61,normal
Smart_Thermostat,553.02,27.71,41.72,1,1.85,normal
Arduino,1781.12,171.53,541.37,10,26.71,attack
CCTV,451.75,23.43,60.58,1,1.12,normal
Smart_Light,398.54,29.81,47.37,1,2.27,normal
CCTV,499.26,23.98,47.19,2,1.17,normal
Smart_Light,524.25,9.69,73.42,1,1.45,normal
Smart_Thermostat,537.37,18.55,70.55,0,1.84,normal
Arduino,474.84,25.23,47.64,1,1.96,normal
Smart_Thermostat,502.87,8.59,48.98,2,2.02,normal
Arduino,508.91,20.18,58.0,0,2.03,normal
Smart_Thermostat,582.25,18.75,55.77,1,2.16,normal
CCTV,1149.07,117.05,529.37,7,17.56,attack
CCTV,461.34,18.25,52.18,2,2.46,normal
Smart_Light,520.08,28.23,64.79,1,2.99,normal
Smart_Thermostat,404.31,24.71,50.28,0,2.06,normal
Arduino,489.69,8.61,57.97,0,2.07,normal
Arduino,525.05,15.11,50.99,1,2.38,normal
Smart_Thermostat,532.03,15.93,68.47,1,2.13,normal
Arduino,639.19,11.94,48.51,0,1.8,normal
Smart_Light,531.33,14.94,73.9,1,1.7,normal
CCTV,1550.92,204.47,548.8,14,27.9,attack
CCTV,525.81,22.38,44.26,2,1.66,normal
Arduino,487.49,26.51,43.24,0,0.88,normal
Smart_Light,406.95,24.98,56.87,0,0.83,normal
Smart_Thermostat,426.07,25.72,53.38,1,1.79,normal
Smart_Light,548.5,23.6,46.48,1,1.79,normal
Arduino,564.35,17.78,45.73,2,1.72,normal
Smart_Light,535.9,27.84,38.22,1,1.66,normal
Smart_Light,509.03,33.22,47.97,3,2.02,normal
Smart_Thermostat,560.25,23.36,43.7,0,1.91,normal
Arduino,1472.93,239.05,753.87,9,22.62,attack
CCTV,523.77,26.59,47.9,3,1.53,normal
Smart_Light,487.02,12.48,47.54,1,1.86,normal
Smart_Thermostat,464.08,24.53,43.28,2,1.67,normal
Smart_Thermostat,628.67,20.3,50.14,0,1.99,normal
Smart_Light,612.82,17.13,60.86,1,1.8,normal
Smart_Light,367.45,25.46,62.46,0,0.96,normal
CCTV,505.49,19.08,55.14,3,1.85,normal
Smart_Light,536.08,14.35,44.75,1,2.24,normal
Arduino,1503.9,203.08,330.67,5,15.5,attack
CCTV,416.51,28.82,37.58,1,1.59,normal
Smart_Thermostat,1855.56,166.5,594.97,13,18.2,attack
Arduino,505.71,20.75,46.36,0,1.97,normal
Smart_Thermostat,432.08,17.65,39.99,0,2.93,normal
CCTV,418.52,22.76,70.06,1,2.36,normal
Arduino,455.06,15.45,40.93,1,2.42,normal
Arduino,947.74,136.02,437.52,5,20.13,attack
Arduino,488.75,26.04,52.3,2,2.22,normal
Smart_Thermostat,1242.49,235.02,442.44,10,20.61,attack
Arduino,394.03,18.25,39.54,2,1.11,normal
Smart_Light,1689.72,248.63,562.18,9,12.15,attack
Smart_Light,1699.12,250.51,413.14,11,20.22,attack
CCTV,477.31,23.16,34.73,2,1.97,normal
Arduino,402.38,18.6,53.58,0,1.71,normal
Smart_Thermostat,1488.13,234.08,502.83,8,20.15,attack
CCTV,545.11,9.94,60.19,1,1.97,normal
Smart_Light,520.63,10.35,43.49,2,2.52,normal
Arduino,512.81,19.9,56.41,0,1.91,normal
Arduino,474.14,27.05,72.99,3,1.82,normal
Smart_Light,406.93,18.5,54.55,1,2.37,normal
CCTV,919.9,139.63,392.94,5,23.41,attack
Smart_Thermostat,1749.46,210.38,485.08,14,16.7,attack
Smart_Light,468.11,17.35,43.77,1,1.72,normal
CCTV,504.83,12.5,56.31,0,3.23,normal
Smart_Light,458.38,22.36,44.48,0,2.32,normal
Smart_Light,387.72,15.61,48.19,0,1.12,normal
Arduino,1663.05,254.18,414.94,9,20.52,attack
Smart_Thermostat,502.28,16.85,59.07,2,2.02,normal
CCTV,512.0,21.53,59.33,3,2.21,normal
Arduino,453.59,22.97,60.4,0,1.95,normal
Smart_Thermostat,465.52,22.47,54.18,1,2.2,normal
Smart_Thermostat,532.63,10.54,47.17,0,1.56,normal
CCTV,513.33,17.99,55.38,0,2.02,normal
Smart_Thermostat,538.52,23.38,55.19,1,1.69,normal
Smart_Thermostat,409.5,24.83,45.2,4,2.06,normal
CCTV,556.83,17.72,48.87,1,1.39,normal
CCTV,532.43,24.94,61.22,0,2.66,normal
CCTV,945.97,171.67,616.35,12,15.35,attack
CCTV,547.53,18.29,55.06,0,1.99,normal
CCTV,492.07,14.07,46.3,1,2.01,normal
Smart_Thermostat,1874.76,224.57,396.93,6,19.75,attack
Smart_Thermostat,471.31,17.68,36.74,1,2.58,normal
Smart_Thermostat,477.38,7.88,34.16,3,2.38,normal
Arduino,483.83,20.24,35.27,0,1.96,normal
Smart_Thermostat,510.42,9.79,47.53,0,1.66,normal
Smart_Thermostat,531.61,15.11,53.52,0,2.07,normal
Smart_Light,590.6,21.79,53.93,1,2.34,normal
Smart_Light,532.57,29.88,63.51,1,2.23,normal
Smart_Thermostat,467.43,17.58,46.8,1,2.21,normal
Smart_Thermostat,1331.1,195.91,368.88,10,25.99,attack
Smart_Thermostat,474.89,21.06,60.91,2,1.94,normal
Smart_Thermostat,501.43,27.9,59.52,1,3.47,normal
Arduino,418.35,17.14,58.0,0,2.09,normal
CCTV,475.52,23.11,45.24,2,2.69,normal
Arduino,498.72,25.86,55.44,1,1.81,normal
CCTV,513.41,16.43,41.26,1,1.19,normal
CCTV,422.21,18.64,29.05,1,2.13,normal
Smart_Thermostat,435.17,12.44,33.63,2,2.6,normal
Smart_Thermostat,484.83,21.9,46.73,0,1.72,normal
Smart_Light,507.46,17.61,43.76,0,1.73,normal
CCTV,545.82,21.73,59.98,1,0.55,normal
Smart_Thermostat,503.19,20.6,46.06,1,1.79,normal
Arduino,1664.16,154.14,496.91,11,30.02,attack
Smart_Thermostat,509.03,23.76,58.39,0,2.91,normal
Arduino,1801.54,187.38,534.06,9,27.18,attack
Arduino,539.5,18.04,35.31,1,1.55,normal
CCTV,579.73,15.77,40.09,0,0.92,normal
CCTV,502.08,18.84,54.51,2,1.48,normal
Smart_Thermostat,477.29,19.9,38.43,1,1.23,normal
Smart_Thermostat,551.12,9.07,58.55,2,2.49,normal
Smart_Thermostat,487.37,21.96,48.11,0,2.28,normal
CCTV,602.46,21.39,50.58,1,2.38,normal
Arduino,469.83,12.07,48.66,1,1.92,normal
CCTV,547.45,16.69,41.77,1,1.92,normal
CCTV,506.11,22.72,50.49,0,2.02,normal
CCTV,476.85,14.59,51.77,1,2.13,normal
Smart_Thermostat,485.25,26.24,43.27,1,2.14,normal
Arduino,525.14,18.2,74.68,0,1.05,normal
CCTV,548.19,31.05,44.43,1,1.32,normal
Arduino,583.61,24.61,31.32,1,1.01,normal
Smart_Thermostat,515.13,17.33,33.77,0,2.28,normal
Smart_Thermostat,418.42,27.9,35.63,1,1.39,normal
Smart_Thermostat,468.91,23.51,60.31,1,2.05,normal
CCTV,425.02,13.35,49.88,0,2.06,normal
Arduino,450.47,23.15,40.85,1,2.04,normal
CCTV,499.0,21.92,40.87,1,1.86,normal
Smart_Thermostat,1863.93,207.09,731.93,5,21.97,attack
CCTV,438.09,20.12,43.18,1,1.41,normal
CCTV,457.6,11.99,71.56,2,1.43,normal
Arduino,501.31,7.66,58.86,2,0.85,normal
Arduino,1299.57,249.6,482.5,11,16.22,attack
CCTV,545.62,12.01,44.84,3,2.47,normal
CCTV,525.39,20.27,31.98,1,1.68,normal
Smart_Thermostat,1003.07,262.82,614.4,7,9.92,attack
Arduino,1544.6,183.15,438.66,12,18.49,attack
Smart_Thermostat,463.35,16.28,44.07,3,1.75,normal
Smart_Light,474.64,14.14,62.08,2,1.84,normal
Arduino,568.47,18.08,67.49,0,2.4,normal
CCTV,499.23,22.9,51.2,2,1.51,normal
Arduino,480.52,22.77,60.92,2,2.27,normal
Arduino,1842.7,143.96,340.09,14,17.97,attack
Smart_Thermostat,499.08,26.56,40.51,0,0.92,normal
CCTV,440.44,20.31,50.89,1,2.86,normal
CCTV,554.65,22.88,25.66,4,2.09,normal
Smart_Light,514.13,16.46,42.18,0,2.44,normal
Smart_Thermostat,508.7,21.23,41.39,0,1.56,normal
CCTV,467.82,24.64,50.57,2,2.13,normal
Smart_Thermostat,458.55,21.01,58.6,1,0.94,normal
Smart_Thermostat,488.94,18.62,53.07,0,2.41,normal
Smart_Thermostat,482.5,22.75,71.29,0,2.34,normal
Arduino,1766.58,236.72,396.12,16,22.51,attack
Arduino,469.89,21.37,49.87,0,2.27,normal
Smart_Thermostat,615.02,25.38,31.01,2,2.04,normal
Smart_Light,1142.05,188.36,632.68,8,21.24,attack
Smart_Thermostat,1578.2,129.97,571.98,7,27.23,attack
CCTV,559.84,20.42,53.12,0,2.16,normal
CCTV,1065.04,144.68,454.58,9,15.9,attack
Smart_Thermostat,477.09,18.21,46.06,1,1.79,normal
Smart_Light,471.79,20.92,65.42,1,3.0,normal
Arduino,484.68,20.33,60.9,0,1.29,normal
Smart_Thermostat,534.82,24.78,50.88,1,2.74,normal
Smart_Light,468.08,13.44,57.73,0,2.44,normal
CCTV,561.05,22.91,47.74,1,1.52,normal
CCTV,1591.13,131.17,571.8,11,28.38,attack
Smart_Light,551.65,19.03,46.31,1,2.2,normal
CCTV,475.66,20.71,47.26,2,1.5,normal
Smart_Thermostat,451.18,15.54,53.55,0,1.89,normal
Smart_Thermostat,558.01,18.8,42.82,1,1.76,normal
Arduino,1530.49,143.45,323.72,15,14.87,attack
Smart_Thermostat,557.99,18.12,55.42,2,2.63,normal
Smart_Light,433.34,32.07,50.8,0,2.17,normal
CCTV,469.63,28.15,52.64,2,1.7,normal
Smart_Thermostat,508.82,18.16,41.72,1,2.04,normal
CCTV,443.79,23.25,66.33,0,1.87,normal
Smart_Light,490.86,26.87,43.54,0,1.6,normal
Smart_Light,517.88,15.81,45.03,3,1.66,normal
Arduino,544.16,19.61,48.2,0,3.6,normal
Smart_Thermostat,459.33,18.97,36.43,0,1.87,normal
Smart_Thermostat,518.13,26.84,61.88,1,2.27,normal
Smart_Thermostat,600.99,10.85,53.8,0,1.44,normal
Smart_Light,472.67,17.42,52.98,0,2.38,normal
Smart_Thermostat,517.01,17.29,39.42,1,1.98,normal
Smart_Thermostat,1143.3,187.24,503.27,10,18.67,attack
Arduino,514.67,19.63,37.41,1,1.5,normal
Smart_Thermostat,565.86,19.41,28.78,2,1.7,normal
Arduino,470.08,28.21,52.49,0,2.21,normal
Smart_Light,424.08,26.22,48.97,2,2.61,normal
Smart_Thermostat,453.84,22.52,58.68,0,1.81,normal
Smart_Light,525.7,20.9,53.51,2,2.24,normal
CCTV,1031.73,128.6,442.77,6,13.39,attack
Smart_Light,473.23,19.55,53.32,0,2.1,normal
Smart_Thermostat,542.17,22.48,50.39,1,2.08,normal
CCTV,518.36,29.19,47.77,0,1.83,normal
Smart_Thermostat,537.27,15.57,43.44,2,2.07,normal
Arduino,1720.29,167.53,508.31,10,17.66,attack
Smart_Thermostat,586.09,19.58,44.87,1,2.01,normal
Smart_Thermostat,364.84,23.39,43.46,3,1.08,normal
Smart_Thermostat,1929.65,186.42,640.16,6,25.55,attack
Smart_Thermostat,521.21,20.72,64.79,1,2.31,normal
Arduino,1741.97,210.3,481.48,9,12.04,attack
Smart_Light,424.76,23.8,50.82,0,1.27,normal
Arduino,514.9,21.44,46.9,1,1.1,normal
Arduino,491.99,23.36,52.13,0,1.62,normal
Smart_Light,1369.25,203.46,470.65,6,20.57,attack
Smart_Light,513.36,22.54,34.19,3,2.45,normal
Smart_Light,540.54,22.68,58.19,2,1.4,normal
Smart_Light,493.44,20.38,47.75,3,1.67,normal
Smart_Light,442.96,20.03,54.52,2,1.46,normal
Arduino,498.34,18.96,48.71,1,1.06,normal
CCTV,1447.61,125.75,604.79,9,18.32,attack
CCTV,486.71,27.17,55.28,2,2.24,normal
Smart_Thermostat,1476.52,182.72,639.71,6,35.44,attack
CCTV,1210.68,178.49,504.96,11,19.19,attack
Smart_Light,456.72,21.04,51.07,2,2.6,normal
Smart_Light,497.7,14.27,50.05,2,1.76,normal
Arduino,969.81,127.45,416.18,10,17.78,attack
Arduino,495.33,21.14,52.4,2,2.45,normal
Smart_Light,631.65,10.97,44.84,1,1.66,normal
Arduino,436.93,15.67,50.61,0,2.25,normal
Smart_Thermostat,473.9,22.82,57.1,0,2.43,normal
Arduino,438.52,22.48,45.35,1,1.95,normal
Smart_Light,583.22,27.81,44.05,0,0.95,normal
Arduino,513.46,18.28,56.22,1,1.82,normal
Smart_Light,510.86,18.27,30.75,1,1.96,normal
Arduino,512.02,7.9,77.16,2,1.87,normal
Smart_Light,564.04,21.91,51.63,0,2.0,normal
CCTV,529.68,5.3,56.56,0,2.1,normal
Smart_Thermostat,2171.92,223.0,608.45,8,22.45,attack
Arduino,1785.94,225.65,572.51,12,22.58,attack
Smart_Thermostat,1640.02,224.3,534.92,5,23.36,attack
Arduino,417.99,11.84,48.09,0,1.73,normal
Smart_Thermostat,464.2,21.68,45.27,1,2.31,normal
Arduino,450.1,16.18,58.73,2,1.69,normal
CCTV,508.61,26.01,45.94,1,1.31,normal
Smart_Light,609.37,13.55,43.51,1,2.09,normal
Smart_Thermostat,445.77,14.92,39.93,2,2.08,normal
Smart_Light,516.76,15.26,43.74,0,2.01,normal
Arduino,1209.88,321.89,547.98,5,19.13,attack
CCTV,536.43,17.56,60.27,2,1.67,normal
Smart_Thermostat,1275.24,217.09,507.83,12,17.23,attack
CCTV,509.58,20.34,39.45,0,2.53,normal
Smart_Light,378.74,19.85,49.27,0,2.56,normal
Smart_Thermostat,474.59,19.26,45.47,2,2.73,normal
CCTV,1751.25,265.34,564.81,16,23.78,attack
Smart_Light,440.53,28.21,40.99,1,2.32,normal
Smart_Light,525.72,22.95,40.74,1,2.05,normal
Arduino,489.1,6.81,57.79,1,0.8,normal
Smart_Light,1467.27,175.57,473.1,8,27.83,attack
Smart_Thermostat,1701.86,229.59,464.6,13,17.13,attack
Smart_Thermostat,588.55,29.19,55.91,2,3.0,normal
Smart_Thermostat,488.84,27.45,33.99,0,1.59,normal
CCTV,1314.02,320.37,517.26,7,17.79,attack
Smart_Thermostat,436.99,16.92,46.25,2,1.84,normal
Smart_Light,1771.03,203.03,543.84,8,14.84,attack
CCTV,1404.05,207.59,416.49,10,30.45,attack
CCTV,1532.31,220.59,369.24,10,20.96,attack
Arduino,522.39,21.86,50.48,0,2.17,normal
CCTV,1348.3,171.37,553.51,9,23.8,attack
Smart_Light,495.76,13.78,40.39,2,2.42,normal
Smart_Thermostat,515.3,25.27,54.63,1,2.27,normal
Smart_Light,465.22,14.58,54.7,0,2.36,normal
CCTV,544.19,18.91,49.93,1,2.31,normal
Smart_Light,512.38,20.75,51.01,0,2.29,normal
Arduino,1873.41,104.19,612.62,20,18.63,attack
Smart_Light,510.7,19.05,34.6,1,2.99,normal
Arduino,1434.61,144.47,642.03,10,17.33,attack
Smart_Thermostat,544.34,17.9,23.96,2,2.1,normal
Arduino,552.93,17.6,20.75,0,2.62,normal
Smart_Thermostat,534.51,7.21,42.68,0,1.49,normal
Smart_Light,1832.1,154.64,391.62,13,29.07,attack
Arduino,543.18,22.9,45.4,4,1.43,normal
CCTV,435.5,11.0,51.33,0,1.13,normal
Smart_Thermostat,532.52,12.48,60.52,1,1.5,normal
CCTV,439.71,19.09,47.26,0,2.11,normal
CCTV,1751.68,169.14,444.17,12,14.5,attack
Smart_Light,490.85,10.17,25.65,1,2.07,normal
Smart_Light,1481.91,222.74,577.41,13,14.99,attack
CCTV,411.08,16.73,39.63,3,1.98,normal
Smart_Light,1356.35,156.86,569.35,7,18.04,attack
Smart_Light,1508.12,205.09,433.72,7,17.52,attack
CCTV,562.49,12.42,62.18,1,1.57,normal
Smart_Light,487.71,16.93,44.9,0,2.11,normal
Smart_Light,1916.18,257.33,381.45,9,22.6,attack
Smart_Thermostat,1627.34,191.6,540.49,5,19.79,attack
Smart_Thermostat,544.51,25.18,31.54,1,1.54,normal
Arduino,537.14,26.82,68.72,0,2.24,normal
Smart_Light,472.67,18.64,66.73,1,2.67,normal
Arduino,550.38,9.97,69.49,1,1.72,normal
Smart_Light,489.25,21.38,66.64,1,2.36,normal
CCTV,503.48,23.61,57.58,1,2.73,normal
Arduino,498.82,19.13,52.25,2,1.82,normal
CCTV,513.19,12.38,62.2,0,2.52,normal
Smart_Light,517.96,22.84,43.01,0,1.56,normal
Smart_Thermostat,429.64,18.14,65.96,1,2.82,normal
Arduino,1079.87,210.34,641.7,12,23.41,attack
Smart_Light,431.2,18.3,44.04,3,2.54,normal
Smart_Light,433.07,23.46,43.94,1,2.86,normal
CCTV,500.13,6.49,54.66,0,2.67,normal
Arduino,499.31,16.55,45.07,1,2.72,normal
Arduino,574.39,20.43,58.09,1,2.27,normal
CCTV,504.98,11.7,28.55,0,2.27,normal
Smart_Thermostat,1352.18,228.47,556.14,11,23.03,attack
Arduino,1819.46,92.99,359.93,12,20.07,attack
Arduino,383.92,14.67,42.33,1,2.74,normal
Smart_Light,548.79,24.59,37.54,0,2.03,normal
CCTV,528.63,21.74,53.14,1,1.56,normal
Arduino,431.12,17.18,60.21,1,3.04,normal
Smart_Light,574.49,17.41,43.82,1,1.47,normal
CCTV,512.59,15.42,46.64,0,1.61,normal
Arduino,514.59,17.88,60.92,4,2.36,normal
Smart_Light,573.21,24.98,52.81,3,2.88,normal
Smart_Light,552.21,35.61,46.38,1,2.61,normal
Arduino,486.21,24.7,54.96,0,2.02,normal
CCTV,1735.96,54.32,424.92,12,19.53,attack
Smart_Light,588.08,18.59,62.89,0,2.48,normal
Smart_Light,1383.14,252.6,423.69,5,21.24,attack
Smart_Thermostat,569.83,22.07,57.51,1,2.31,normal
CCTV,459.95,27.53,37.69,1,2.65,normal
Smart_Thermostat,585.0,25.36,51.91,1,2.47,normal
Arduino,459.75,27.53,37.45,3,2.18,normal
Smart_Light,511.11,17.6,61.56,2,1.79,normal
Arduino,565.99,23.64,51.6,2,1.23,normal
Smart_Light,542.41,13.84,55.52,1,2.31,normal
Smart_Thermostat,467.93,22.28,48.11,0,1.26,normal
CCTV,1604.9,121.76,509.53,15,18.68,attack
CCTV,466.53,21.38,57.44,6,2.29,normal
Smart_Light,1195.0,187.8,496.07,13,19.33,attack
Smart_Light,448.41,25.57,50.35,0,1.45,normal
Smart_Light,512.47,25.23,51.45,1,2.01,normal
Arduino,582.58,29.37,46.86,1,2.48,normal
Smart_Light,555.92,22.75,56.92,0,2.8,normal
Smart_Light,1781.47,182.25,448.06,4,20.77,attack
CCTV,439.7,21.87,46.02,2,2.91,normal
Smart_Thermostat,400.34,9.75,55.9,3,2.13,normal
CCTV,507.56,23.83,32.61,0,2.56,normal
Smart_Thermostat,508.22,19.47,36.12,2,2.32,normal
Smart_Light,1688.86,159.78,589.54,15,16.84,attack
Smart_Light,482.3,15.68,29.85,2,1.37,normal
Arduino,491.16,12.26,45.09,0,1.86,normal
CCTV,479.43,17.58,37.43,0,2.29,normal
Arduino,568.46,14.31,46.21,0,2.17,normal
Smart_Light,1353.35,186.08,553.32,11,24.25,attack
Smart_Thermostat,441.72,20.09,35.74,1,2.39,normal
Smart_Light,1963.71,162.54,413.6,7,13.08,attack
Arduino,524.1,21.84,53.94,3,1.04,normal
Smart_Light,605.29,18.03,68.43,1,2.29,normal
Smart_Thermostat,473.69,10.18,45.08,0,2.17,normal
CCTV,2018.73,203.71,609.76,8,20.19,attack
Smart_Thermostat,454.57,16.42,54.42,0,1.78,normal
CCTV,397.81,24.66,43.07,2,2.4,normal
Smart_Light,1340.64,224.19,389.77,7,23.41,attack
CCTV,470.96,20.65,36.81,0,1.7,normal
CCTV,498.45,15.45,40.63,0,1.67,normal
Smart_Light,543.23,27.59,50.8,2,2.81,normal
Arduino,1320.19,144.5,741.0,15,21.11,attack
Smart_Light,428.72,24.06,42.23,0,2.35,normal
Smart_Thermostat,512.46,15.53,41.85,1,1.73,normal
Arduino,595.62,24.32,52.79,3,1.29,normal
Arduino,504.9,26.48,42.81,0,2.37,normal
CCTV,560.42,28.51,39.05,0,2.27,normal
Arduino,1599.4,226.67,403.73,18,15.1,attack
Smart_Thermostat,459.32,10.32,43.36,0,2.44,normal
Smart_Thermostat,458.99,13.74,45.32,1,1.42,normal
CCTV,449.15,24.71,43.56,1,1.0,normal
Smart_Thermostat,560.3,23.89,54.67,3,2.76,normal
Smart_Light,480.25,22.88,57.27,0,2.22,normal
Smart_Thermostat,1840.69,144.69,417.55,7,16.96,attack
CCTV,1375.15,220.54,396.98,6,19.81,attack
CCTV,506.14,14.96,47.23,4,2.36,normal
Smart_Light,569.63,9.75,58.14,0,1.64,normal
CCTV,575.82,23.01,50.72,1,1.89,normal
Arduino,519.63,27.95,45.4,1,1.24,normal
Arduino,478.46,19.27,51.3,1,1.85,normal
Smart_Light,520.8,16.01,52.73,0,2.22,normal
Smart_Light,557.68,17.41,39.22,0,1.68,normal
CCTV,506.65,24.18,46.98,2,1.87,normal
Smart_Light,509.52,22.25,44.9,1,2.02,normal
Arduino,423.21,25.45,42.8,2,1.62,normal
Smart_Light,535.73,9.75,61.59,2,1.83,normal
Smart_Light,1978.81,182.16,733.33,8,29.78,attack
Arduino,515.87,18.34,49.07,0,1.74,normal
CCTV,485.76,16.84,58.94,0,1.75,normal
Smart_Thermostat,1911.12,271.47,646.45,10,17.19,attack
CCTV,547.4,19.32,52.54,1,1.81,normal
Smart_Light,402.44,20.72,31.82,0,2.38,normal
Smart_Light,1800.72,254.24,388.04,13,16.3,attack
CCTV,464.66,24.28,66.49,1,2.54,normal
CCTV,494.76,6.48,51.87,1,1.47,normal
Arduino,457.98,18.88,38.67,0,2.17,normal
Smart_Light,1464.22,213.68,409.51,8,15.16,attack
Arduino,504.17,17.4,46.41,1,1.96,normal
Smart_Thermostat,541.17,14.75,59.58,0,1.02,normal
Arduino,449.02,24.67,47.58,1,2.39,normal
Smart_Thermostat,476.57,17.17,38.68,0,1.57,normal
Arduino,400.73,16.95,56.77,0,1.61,normal
Smart_Thermostat,493.94,28.84,55.02,0,2.92,normal
CCTV,1318.05,222.8,454.09,9,16.53,attack
Smart_Thermostat,515.69,26.05,60.79,0,1.71,normal
Arduino,449.89,16.24,35.33,3,1.75,normal
Arduino,523.39,30.41,52.46,0,0.52,normal
Arduino,544.65,29.15,45.9,1,2.36,normal
Smart_Thermostat,576.99,25.53,72.26,0,2.01,normal
Smart_Light,511.11,26.39,40.48,1,1.66,normal
Smart_Thermostat,493.1,18.57,56.84,0,1.97,normal
Smart_Thermostat,514.19,15.06,41.53,2,2.62,normal
Smart_Thermostat,559.76,22.39,49.38,3,2.61,normal
Arduino,509.24,24.69,50.12,0,3.43,normal
Arduino,1579.07,183.65,588.11,8,23.51,attack
Smart_Thermostat,1235.68,164.39,618.67,11,27.18,attack
Arduino,495.83,4.06,56.83,1,1.84,normal
Arduino,435.12,16.21,50.25,3,1.85,normal
Arduino,1967.62,145.65,456.36,6,7.96,attack
Smart_Light,1925.56,75.61,627.7,8,21.69,attack
CCTV,513.57,25.29,40.14,2,2.71,normal
Smart_Thermostat,526.6,21.81,67.61,1,2.0,normal
Smart_Thermostat,495.97,10.24,43.65,0,2.35,normal
Smart_Thermostat,1483.83,150.88,612.19,5,31.6,attack
Smart_Light,1274.79,197.76,492.58,16,19.18,attack
Smart_Light,458.11,14.6,58.36,2,2.12,normal
Smart_Thermostat,550.54,23.75,54.62,2,1.91,normal
CCTV,448.68,26.15,40.35,1,2.81,normal
Smart_Light,571.71,21.25,57.71,0,1.12,normal
CCTV,503.93,9.36,54.58,2,1.51,normal
CCTV,1592.43,198.48,418.91,9,31.09,attack
CCTV,1620.14,206.55,492.26,11,14.02,attack
Arduino,1248.42,174.82,479.76,11,20.38,attack
Smart_Thermostat,549.79,21.27,31.54,2,2.46,normal
Smart_Light,486.51,18.55,51.57,1,2.51,normal
CCTV,560.12,21.59,49.54,3,1.58,normal
Smart_Light,450.84,11.91,62.69,1,2.22,normal
Arduino,1433.26,302.34,432.51,9,17.98,attack
CCTV,488.98,18.68,66.18,2,1.87,normal
Smart_Light,967.2,253.2,525.26,13,26.92,attack
CCTV,494.45,20.61,47.67,1,1.98,normal
Arduino,570.02,22.77,34.56,1,2.07,normal
CCTV,521.56,16.82,55.55,1,1.28,normal
CCTV,554.44,18.12,50.19,0,1.41,normal
CCTV,510.01,20.04,43.52,0,1.6,normal
Smart_Light,605.18,22.98,45.12,0,2.41,normal
Smart_Thermostat,1693.55,237.25,407.67,4,22.5,attack
CCTV,1399.87,149.39,421.07,11,20.51,attack
Smart_Light,547.63,29.15,55.29,0,2.03,normal
CCTV,531.04,25.2,35.96,1,3.32,normal
Arduino,549.51,22.12,61.94,2,1.44,normal
CCTV,470.13,25.39,44.46,3,2.8,normal
CCTV,1591.84,239.21,696.85,11,17.74,attack
Arduino,451.72,28.15,44.18,1,1.41,normal
Smart_Light,491.1,22.6,57.43,0,1.39,normal
Smart_Light,533.95,15.94,49.51,2,1.92,normal
CCTV,435.04,18.13,39.02,1,2.02,normal
Arduino,517.34,32.56,31.6,1,1.98,normal
Arduino,510.28,14.83,41.11,0,2.69,normal
Smart_Light,1568.72,253.72,522.43,13,24.52,attack
Smart_Thermostat,458.63,14.15,46.17,1,1.8,normal
CCTV,422.2,29.31,42.75,0,2.1,normal
Arduino,530.49,28.3,34.11,1,2.74,normal
Arduino,1467.79,249.97,690.33,8,23.77,attack
Smart_Thermostat,409.34,14.71,70.12,3,2.07,normal
CCTV,534.64,23.67,40.14,2,1.86,normal
Arduino,450.29,18.13,43.53,1,1.49,normal
Smart_Thermostat,529.82,16.83,47.64,3,2.37,normal
Arduino,486.64,22.32,46.41,3,3.25,normal
Smart_Thermostat,516.57,20.71,38.66,1,2.61,normal
Arduino,480.38,19.13,41.68,1,1.95,normal
Smart_Light,1457.36,216.93,602.95,12,24.36,attack
Smart_Light,539.71,17.87,55.39,1,2.49,normal
CCTV,456.99,31.47,53.79,1,2.19,normal
Smart_Thermostat,522.51,21.1,45.67,0,1.6,normal
Arduino,503.64,20.94,36.15,0,2.4,normal
Smart_Light,1473.43,206.54,371.32,6,20.54,attack
Smart_Light,443.11,20.12,52.15,1,1.72,normal
CCTV,521.57,24.39,45.8,0,1.66,normal
Smart_Thermostat,544.83,11.64,49.97,1,2.01,normal
CCTV,556.56,19.67,51.29,1,1.53,normal
Arduino,516.08,20.84,40.05,1,1.91,normal
Smart_Light,451.22,23.88,52.83,0,2.08,normal
Arduino,562.64,17.76,43.08,1,1.02,normal
Smart_Light,495.25,20.17,44.52,1,2.02,normal
Smart_Light,512.41,11.87,52.88,0,1.72,normal
Smart_Light,433.04,20.8,43.22,0,1.94,normal
Arduino,396.22,19.57,48.5,0,1.84,normal
Arduino,450.81,24.95,49.08,1,1.35,normal
Smart_Light,1502.36,183.72,483.57,8,21.06,attack
Arduino,1398.43,279.0,664.2,7,23.77,attack
Smart_Thermostat,539.52,26.5,51.63,0,1.4,normal
Arduino,466.03,15.88,57.97,0,2.23,normal
CCTV,480.01,21.35,49.55,1,2.09,normal
Smart_Light,460.81,30.5,66.63,4,2.11,normal
Smart_Thermostat,451.49,18.01,62.38,1,2.19,normal
Arduino,1735.25,296.06,513.82,10,23.46,attack
Smart_Thermostat,570.51,19.27,46.72,1,2.4,normal
Smart_Light,522.54,23.54,42.98,0,1.88,normal
Smart_Thermostat,473.19,18.68,39.39,0,1.98,normal
CCTV,593.78,28.1,40.32,1,2.4,normal
Arduino,476.49,17.85,47.54,1,2.3,normal
Smart_Light,633.9,20.32,43.77,0,2.06,normal
Smart_Light,537.2,15.84,48.57,0,2.39,normal
Smart_Thermostat,478.26,22.31,51.06,0,2.41,normal
Smart_Thermostat,1260.02,104.6,460.69,11,25.01,attack
Smart_Thermostat,482.09,28.11,63.43,1,1.09,normal
Smart_Thermostat,514.85,28.11,43.46,1,1.53,normal
Smart_Light,381.75,23.56,62.27,0,2.23,normal
Arduino,449.31,24.24,39.64,0,1.93,normal
Smart_Thermostat,498.48,19.49,39.31,0,1.21,normal
Arduino,533.58,27.64,58.88,2,2.38,normal
CCTV,433.57,19.94,34.34,0,2.51,normal
Smart_Thermostat,1756.03,181.53,509.7,14,19.28,attack
Smart_Thermostat,1746.96,234.16,515.53,12,10.83,attack
Smart_Light,502.47,23.84,43.92,0,2.18,normal
Smart_Light,551.65,25.06,51.85,0,2.44,normal
Smart_Thermostat,436.28,21.9,61.16,1,2.75,normal
Smart_Thermostat,520.76,16.69,44.09,1,2.38,normal
CCTV,415.54,17.64,30.25,3,2.38,normal
Arduino,1376.44,240.57,513.83,4,17.48,attack
Smart_Thermostat,2217.23,218.85,490.0,9,12.02,attack
CCTV,535.89,17.32,51.65,2,1.98,normal
Smart_Thermostat,1853.26,189.37,447.91,11,12.1,attack
Arduino,544.61,21.36,44.97,3,1.29,normal
CCTV,543.11,12.92,38.49,1,0.58,normal
CCTV,452.49,19.01,51.83,0,1.37,normal
Arduino,546.62,17.92,57.01,0,3.41,normal
Smart_Light,556.56,20.51,60.67,0,1.84,normal
Smart_Light,474.94,27.13,53.29,2,2.42,normal
Arduino,2114.87,185.71,338.8,11,16.1,attack
Arduino,528.16,13.38,49.07,1,1.88,normal
Smart_Light,1619.53,221.86,348.77,9,15.5,attack
Smart_Thermostat,1170.41,271.03,488.65,8,21.11,attack
Smart_Thermostat,1270.79,146.75,356.78,15,17.2,attack
Smart_Thermostat,1863.65,175.34,605.49,7,19.07,attack
CCTV,444.37,19.84,41.93,1,1.5,normal
Arduino,477.26,14.8,43.92,2,1.93,normal
CCTV,531.81,11.88,51.19,0,1.97,normal
Arduino,507.7,19.79,50.67,3,0.64,normal
Smart_Light,492.47,21.61,66.19,3,1.92,normal
Smart_Thermostat,549.51,18.91,55.27,1,1.76,normal
Smart_Thermostat,503.57,7.25,54.43,1,2.5,normal
Smart_Thermostat,492.36,27.54,44.03,0,1.76,normal
Arduino,1494.61,189.77,461.29,9,19.26,attack
Smart_Light,1208.35,249.12,490.22,11,14.46,attack
Smart_Light,451.54,20.77,62.33,2,2.99,normal
Smart_Light,1408.15,236.73,567.72,18,20.91,attack
Smart_Thermostat,484.4,22.57,29.92,3,1.84,normal
Arduino,524.7,5.73,41.43,0,1.44,normal
CCTV,461.31,27.69,41.99,3,1.37,normal
Arduino,502.27,22.79,68.57,2,1.76,normal
Smart_Light,496.18,19.26,46.9,0,1.7,normal
Smart_Light,564.33,16.95,46.04,0,1.43,normal
Smart_Thermostat,496.88,19.11,64.42,0,2.03,normal
Smart_Thermostat,501.26,12.28,51.64,2,3.1,normal
Arduino,482.0,22.62,57.79,1,1.95,normal
Smart_Thermostat,549.88,18.57,57.6,2,1.85,normal
Smart_Light,471.25,18.24,46.43,1,1.88,normal
Smart_Light,398.91,19.49,44.02,2,1.52,normal
Arduino,477.64,26.75,49.2,0,0.8,normal
Arduino,458.79,23.42,48.61,0,2.6,normal
Arduino,424.08,19.55,55.4,0,1.82,normal
Smart_Thermostat,478.82,13.17,40.26,0,2.35,normal
Smart_Thermostat,1432.69,251.06,317.99,12,17.43,attack
Smart_Thermostat,524.74,21.92,45.91,1,2.5,normal
Smart_Light,469.1,17.38,48.35,0,2.54,normal
Smart_Light,584.97,17.99,56.81,2,1.42,normal
Smart_Thermostat,506.53,11.46,41.95,2,2.27,normal
Smart_Light,401.7,19.59,50.17,0,1.33,normal
Arduino,409.8,22.41,37.66,0,1.92,normal
Arduino,529.57,23.4,53.07,2,1.59,normal
Arduino,1714.81,172.55,310.36,8,19.96,attack
Smart_Thermostat,381.42,30.21,52.95,3,1.61,normal
Arduino,485.54,12.66,61.69,2,1.79,normal
Smart_Light,541.98,13.21,40.99,1,1.52,normal
Arduino,476.85,13.04,52.73,2,1.69,normal
Smart_Thermostat,1462.45,242.34,488.48,13,18.08,attack
Smart_Thermostat,1465.29,256.98,430.57,16,12.35,attack
Smart_Thermostat,390.45,18.32,61.25,1,2.63,normal
Smart_Thermostat,464.5,21.49,49.95,2,2.19,normal
Arduino,515.54,12.11,47.87,0,2.59,normal
Smart_Thermostat,555.42,24.02,56.41,0,2.2,normal
CCTV,557.48,21.48,62.68,0,2.14,normal
CCTV,418.44,17.98,55.04,3,2.4,normal
Arduino,542.5,22.09,51.07,0,2.19,normal
Arduino,418.16,24.71,60.67,1,2.28,normal
Smart_Thermostat,430.28,25.27,38.05,1,2.14,normal
Arduino,498.85,16.83,56.65,0,1.62,normal
Smart_Light,542.84,28.39,41.95,1,2.54,normal
Arduino,416.73,18.54,47.84,1,2.14,normal
Smart_Light,497.54,22.45,51.51,0,2.19,normal
Smart_Thermostat,473.51,25.13,55.34,1,3.35,normal
Smart_Light,442.82,22.71,63.47,1,1.37,normal
Smart_Thermostat,486.96,13.81,38.52,1,2.02,normal
Arduino,537.12,16.81,52.17,1,1.85,normal
Smart_Thermostat,455.73,20.81,56.89,1,1.96,normal
CCTV,493.63,18.81,52.33,1,2.36,normal
Smart_Thermostat,441.64,25.26,40.96,4,1.95,normal
Arduino,487.79,22.17,43.14,3,1.58,normal
Smart_Thermostat,503.68,19.31,35.17,1,2.06,normal
CCTV,441.15,29.1,44.34,0,2.42,normal
CCTV,543.78,23.48,41.98,1,1.47,normal
Arduino,477.02,14.6,43.86,0,2.1,normal
Smart_Light,504.9,18.31,46.06,1,2.45,normal
Smart_Thermostat,581.75,26.56,39.08,0,1.87,normal
Arduino,480.51,11.37,39.72,3,1.76,normal
Smart_Thermostat,1932.58,174.38,505.59,9,18.45,attack
Arduino,468.54,22.19,46.37,2,2.3,normal
Smart_Thermostat,554.8,22.13,34.55,2,1.73,normal
Smart_Light,503.48,29.51,39.35,0,1.92,normal
Arduino,2024.57,180.46,476.65,7,33.19,attack
CCTV,492.99,26.32,57.45,2,1.99,normal
Smart_Thermostat,454.48,30.54,43.09,0,2.34,normal
Arduino,1411.56,153.17,632.86,12,12.84,attack
CCTV,437.1,23.66,59.31,3,2.37,normal
Arduino,430.96,17.7,51.52,3,2.01,normal
Smart_Light,495.86,21.22,59.51,0,2.26,normal
Smart_Light,515.57,15.57,52.51,0,2.4,normal
CCTV,493.85,22.94,49.08,2,2.78,normal
Smart_Thermostat,472.5,23.05,54.95,0,2.02,normal
CCTV,2216.51,259.21,572.28,10,20.56,attack
Arduino,516.92,17.61,43.52,3,1.47,normal
Smart_Thermostat,501.11,22.78,51.93,0,1.67,normal
Smart_Light,530.81,20.87,56.68,2,1.58,normal
Smart_Thermostat,555.2,18.72,47.64,1,1.8,normal
Arduino,521.85,20.55,52.9,0,2.3,normal
CCTV,533.6,21.92,40.06,1,2.12,normal
Arduino,512.73,25.53,27.86,0,1.8,normal
CCTV,498.79,26.01,39.05,2,0.41,normal
CCTV,1619.48,210.78,520.5,10,24.0,attack
Arduino,494.27,21.32,48.5,0,1.37,normal
Smart_Thermostat,481.38,23.35,47.63,1,1.75,normal
Smart_Thermostat,486.86,12.02,42.61,1,2.33,normal
Smart_Light,550.07,15.19,39.34,2,3.19,normal
Smart_Light,531.38,18.6,48.42,1,1.91,normal
Smart_Thermostat,578.67,22.79,48.94,0,1.98,normal
CCTV,543.44,14.07,55.88,1,2.31,normal
Smart_Thermostat,446.33,22.99,48.0,0,2.12,normal
Smart_Thermostat,534.28,19.29,61.66,1,2.27,normal
Smart_Light,516.07,17.61,55.19,0,1.51,normal
Smart_Light,543.54,24.74,51.31,0,1.93,normal
Smart_Thermostat,527.45,21.62,49.2,0,1.65,normal
Smart_Light,473.29,20.75,50.45,1,2.63,normal
Smart_Thermostat,560.88,15.41,45.34,0,4.03,normal
Arduino,529.21,23.07,42.55,0,1.79,normal
CCTV,502.68,24.86,58.66,2,1.62,normal
Smart_Thermostat,446.79,19.95,33.11,2,1.44,normal
Smart_Light,441.35,11.33,45.35,0,2.6,normal
CCTV,566.6,10.69,51.13,0,2.43,normal
Arduino,1370.91,149.72,316.14,12,13.23,attack
Arduino,543.26,24.05,38.62,2,2.18,normal
Smart_Light,1207.09,139.68,473.74,14,15.47,attack
Arduino,519.46,20.0,47.09,1,1.7,normal
CCTV,561.76,19.13,63.99,3,2.8,normal
CCTV,516.34,13.05,48.04,2,2.53,normal
Smart_Light,1176.91,251.79,621.19,9,25.16,attack
Smart_Thermostat,576.44,19.59,39.92,1,0.96,normal
Smart_Thermostat,588.15,19.38,38.89,0,1.35,normal
CCTV,488.95,20.35,51.93,1,3.2,normal
Arduino,438.55,25.62,57.8,0,2.19,normal
CCTV,535.57,35.56,58.08,0,1.58,normal
Smart_Thermostat,514.45,23.51,53.09,3,1.65,normal
CCTV,1979.5,236.68,500.88,10,18.81,attack
CCTV,523.86,18.01,50.92,1,2.45,normal
Smart_Thermostat,500.7,13.69,54.91,0,2.49,normal
Smart_Thermostat,514.55,30.02,56.12,1,2.82,normal
Arduino,476.54,20.15,47.43,1,1.19,normal
CCTV,486.73,26.04,63.07,1,2.43,normal
Smart_Thermostat,396.28,19.89,61.22,2,1.91,normal
Smart_Thermostat,1589.34,305.13,493.61,8,18.23,attack
Smart_Light,484.74,25.23,46.65,1,1.33,normal
Arduino,527.64,18.36,46.07,1,1.56,normal
CCTV,1268.28,244.48,658.83,16,23.26,attack
Smart_Thermostat,577.29,25.49,54.78,3,1.94,normal
Smart_Thermostat,547.81,31.62,49.83,0,2.25,normal
Arduino,499.95,17.39,43.6,1,2.07,normal
Smart_Thermostat,544.46,14.39,42.33,4,2.03,normal
Smart_Light,562.58,23.7,57.28,2,3.11,normal
CCTV,532.25,19.94,37.66,2,1.05,normal
Arduino,446.83,9.49,47.93,0,2.46,normal
Arduino,486.31,19.93,51.5,2,2.05,normal
Smart_Thermostat,1609.65,249.65,420.79,10,23.37,attack
Smart_Thermostat,471.29,22.68,60.34,3,1.8,normal
Smart_Light,1499.71,255.37,513.51,11,18.62,attack
Arduino,505.98,15.81,38.32,1,2.0,normal
CCTV,448.57,15.62,56.29,1,1.82,normal
Arduino,479.27,15.02,55.5,1,2.9,normal
Smart_Light,437.13,19.09,52.1,1,2.03,normal
CCTV,549.59,20.9,52.54,1,1.69,normal
CCTV,463.05,13.57,55.49,1,1.55,normal
Smart_Light,483.46,17.45,51.49,1,2.39,normal
Smart_Thermostat,370.55,30.31,57.53,2,1.71,normal
Smart_Light,514.55,17.46,44.86,1,1.4,normal
Smart_Thermostat,559.09,23.21,46.33,0,1.91,normal
Arduino,447.2,18.72,53.08,1,3.03,normal
Smart_Thermostat,471.34,12.47,39.03,2,2.36,normal
Smart_Light,540.97,22.12,40.34,0,1.73,normal
Arduino,521.76,28.36,61.34,1,1.74,normal
CCTV,559.55,15.91,60.92,0,1.73,normal
Smart_Thermostat,2081.88,264.37,606.97,14,20.33,attack
Smart_Light,426.48,13.69,42.24,1,2.04,normal
Smart_Light,492.54,10.89,41.28,1,2.68,normal
CCTV,465.65,26.96,46.15,3,1.07,normal
Smart_Thermostat,355.22,19.57,45.7,0,1.84,normal
Arduino,424.98,18.27,59.74,0,1.63,normal
Smart_Light,503.91,17.58,61.3,1,2.08,normal
Smart_Light,1204.66,177.44,565.45,16,20.47,attack
Smart_Light,548.76,21.92,55.52,1,2.17,normal
Smart_Light,523.78,11.27,44.61,0,1.87,normal
CCTV,463.79,19.71,66.18,0,2.78,normal
Arduino,521.75,18.47,42.55,2,1.83,normal
Smart_Thermostat,1739.94,115.03,477.96,10,14.6,attack
Smart_Thermostat,520.4,21.78,62.75,0,2.1,normal
CCTV,444.72,24.33,46.3,0,1.84,normal
Arduino,490.49,12.51,63.63,1,1.85,normal
CCTV,507.83,17.9,50.39,0,2.7,normal
Smart_Thermostat,1629.49,236.98,757.2,7,8.75,attack
Arduino,538.11,17.73,34.26,1,1.5,normal
Smart_Light,446.09,21.89,46.45,1,1.35,normal
Arduino,906.83,140.91,587.09,5,28.07,attack
Smart_Thermostat,511.98,23.67,31.07,1,2.16,normal
Smart_Thermostat,475.34,11.97,41.37,0,2.61,normal
Smart_Light,473.67,17.38,42.36,1,2.44,normal
Smart_Light,496.92,26.15,51.43,2,3.07,normal
CCTV,1268.64,111.3,431.4,8,16.91,attack
CCTV,475.24,26.07,37.65,2,2.76,normal
Arduino,516.0,12.97,45.58,1,2.06,normal
CCTV,519.19,24.51,37.65,0,2.02,normal
CCTV,554.51,16.26,30.33,3,1.99,normal
Smart_Thermostat,466.62,23.77,59.99,1,1.96,normal
CCTV,502.05,22.99,55.29,1,1.94,normal
Arduino,453.1,18.96,51.37,2,1.62,normal
CCTV,525.59,23.09,57.35,2,2.03,normal
Smart_Light,474.71,25.88,53.45,0,2.2,normal
Smart_Light,506.78,23.64,56.38,0,2.13,normal
Smart_Light,445.9,28.08,64.46,1,1.5,normal
Smart_Light,462.7,16.69,57.53,0,1.69,normal
Arduino,488.19,21.71,41.3,2,2.55,normal
Smart_Light,498.57,20.59,54.41,0,1.54,normal
Smart_Thermostat,555.34,19.3,56.01,1,1.23,normal
Arduino,1935.38,163.03,605.48,10,19.82,attack
Arduino,2152.11,112.77,403.86,9,8.43,attack
Smart_Light,499.86,17.33,46.56,0,1.81,normal
Smart_Thermostat,491.27,20.13,44.18,1,1.24,normal
Smart_Light,559.31,27.7,44.47,0,1.87,normal
Smart_Thermostat,471.02,19.7,38.96,2,1.42,normal
Arduino,427.82,23.43,54.86,1,1.84,normal
Smart_Light,456.37,22.41,43.29,0,2.51,normal
Smart_Light,542.85,20.76,50.95,1,1.48,normal
Arduino,498.09,16.14,55.32,2,1.65,normal
Smart_Light,530.61,21.99,64.88,0,2.56,normal
Smart_Light,627.17,14.97,51.31,2,1.76,normal
CCTV,483.01,21.16,57.86,1,1.72,normal
Smart_Thermostat,488.15,20.65,49.99,1,2.56,normal
CCTV,995.48,185.22,489.35,14,11.9,attack
Smart_Light,470.39,30.29,33.59,1,1.52,normal
Smart_Light,413.49,26.67,74.97,1,2.02,normal
Arduino,507.5,20.6,41.43,1,1.63,normal
Smart_Light,502.83,14.4,44.23,1,1.63,normal
Arduino,1418.57,209.64,502.66,10,18.67,attack
Smart_Thermostat,498.73,18.91,50.58,0,1.7,normal
Smart_Thermostat,456.61,22.53,66.16,1,2.41,normal
Smart_Light,1618.37,178.71,545.05,8,18.69,attack
Smart_Thermostat,1302.01,254.11,464.34,8,26.2,attack
CCTV,483.99,7.97,36.32,2,1.45,normal
Smart_Thermostat,459.57,29.45,45.89,0,2.07,normal
Smart_Thermostat,501.02,12.67,32.31,3,2.18,normal
CCTV,554.72,28.91,52.92,0,2.38,normal
Arduino,490.21,14.79,55.7,0,1.83,normal
Smart_Thermostat,491.45,29.15,39.05,1,1.85,normal
Smart_Light,505.36,18.41,56.26,0,1.96,normal
CCTV,433.95,17.8,55.9,1,2.38,normal
Smart_Thermostat,522.6,18.22,50.29,0,2.35,normal
Arduino,564.48,20.18,40.65,0,1.07,normal
Smart_Light,592.55,18.69,48.28,0,2.22,normal
Smart_Thermostat,451.96,22.65,59.88,0,2.52,normal
Smart_Thermostat,558.86,20.68,26.96,1,1.82,normal
CCTV,509.53,29.66,43.44,0,1.15,normal
CCTV,378.23,23.42,41.85,1,2.09,normal
Arduino,2057.19,262.28,556.51,12,18.45,attack
Smart_Thermostat,970.67,214.55,531.36,7,23.33,attack
Smart_Light,523.55,3.52,54.06,1,3.31,normal
CCTV,425.32,9.38,57.21,1,1.73,normal
Smart_Thermostat,489.78,19.18,39.88,0,3.05,normal
Smart_Thermostat,388.82,17.41,46.99,2,1.68,normal
Smart_Light,564.2,18.62,50.73,1,2.61,normal
Smart_Thermostat,468.22,21.04,53.6,0,1.54,normal
Smart_Light,1305.54,225.46,457.1,15,22.35,attack
Arduino,426.06,28.36,42.63,1,1.58,normal
CCTV,506.48,24.53,50.93,2,2.05,normal
CCTV,501.88,25.46,49.3,1,0.74,normal
Smart_Light,480.37,21.06,40.28,6,2.42,normal
Smart_Light,532.29,14.5,62.52,0,2.08,normal
CCTV,535.62,14.61,55.11,1,1.84,normal
Smart_Thermostat,1854.3,220.16,403.33,13,16.02,attack
Smart_Light,516.24,20.56,40.42,1,2.47,normal
Smart_Thermostat,485.4,17.98,62.4,2,2.0,normal
Arduino,1706.15,180.98,456.49,10,27.2,attack
Smart_Thermostat,1577.09,205.88,673.44,10,15.12,attack
CCTV,422.56,21.24,62.57,0,2.14,normal
CCTV,500.13,29.05,48.91,1,1.81,normal
Arduino,429.64,17.76,49.79,2,2.38,normal
Arduino,504.71,14.82,41.69,2,2.88,normal
Arduino,1357.46,258.68,576.44,8,15.63,attack
Arduino,485.75,23.2,39.75,1,2.28,normal
Smart_Light,532.03,18.32,49.02,0,2.62,normal
CCTV,554.97,19.06,38.22,1,2.11,normal
Arduino,485.74,14.62,51.89,0,1.52,normal
Smart_Thermostat,494.46,18.54,44.47,0,2.08,normal
CCTV,1459.78,178.91,568.16,11,16.18,attack
CCTV,464.28,20.77,55.89,2,2.36,normal
CCTV,523.18,23.59,45.12,0,2.42,normal
Arduino,568.86,25.1,46.37,3,2.43,normal
Smart_Thermostat,501.95,23.73,39.78,1,1.54,normal
Smart_Thermostat,454.6,19.8,57.62,0,2.41,normal
Arduino,580.32,22.34,39.87,2,2.11,normal
CCTV,433.17,26.68,65.49,2,2.16,normal
Arduino,530.22,11.86,42.07,1,2.22,normal
Smart_Thermostat,1451.19,156.44,507.22,10,23.69,attack
Smart_Thermostat,541.85,18.23,57.1,2,3.38,normal
Smart_Thermostat,455.23,25.31,73.38,0,1.57,normal
Smart_Thermostat,565.84,18.87,50.5,2,2.5,normal
Arduino,1638.68,138.37,479.68,12,16.14,attack
CCTV,525.85,22.19,36.61,2,2.61,normal
CCTV,501.42,20.11,21.68,0,2.58,normal
CCTV,449.76,14.81,60.72,1,1.85,normal
Smart_Light,481.85,12.84,62.91,0,2.43,normal
Arduino,1204.55,228.42,583.55,9,16.8,attack
Smart_Light,515.8,17.17,45.6,0,2.32,normal
CCTV,480.54,31.91,28.56,1,1.68,normal
Smart_Light,918.18,244.5,368.54,12,11.14,attack
Arduino,1421.97,134.96,352.27,6,11.61,attack
Arduino,1452.89,139.49,659.14,9,24.38,attack
Arduino,468.13,21.99,58.96,0,2.24,normal
Arduino,554.15,14.62,43.26,1,2.48,normal
Smart_Thermostat,539.85,21.68,33.76,0,1.65,normal
Smart_Thermostat,472.39,14.51,72.92,1,2.93,normal
Smart_Thermostat,576.42,17.4,50.28,1,1.54,normal
Smart_Light,419.74,15.36,39.14,2,1.84,normal
Arduino,425.79,11.15,32.96,2,1.55,normal
CCTV,1587.36,181.82,481.6,14,7.56,attack
Smart_Light,548.28,27.96,46.99,1,2.76,normal
Arduino,457.36,22.81,56.59,2,1.78,normal
Arduino,496.87,17.36,46.89,2,1.6,normal
Smart_Thermostat,449.83,18.34,64.16,1,2.39,normal
Smart_Thermostat,511.52,17.49,55.71,3,2.25,normal
Arduino,1267.66,180.68,739.19,11,16.16,attack
Smart_Light,488.04,23.35,47.18,0,1.97,normal
Arduino,533.26,14.89,46.81,2,1.27,normal
Arduino,520.6,16.0,52.01,2,2.38,normal
Smart_Light,547.94,25.64,30.53,1,2.49,normal
Smart_Thermostat,508.05,17.93,46.72,1,2.56,normal
Smart_Thermostat,459.11,31.02,49.95,2,2.49,normal
Smart_Thermostat,530.75,22.64,51.51,1,1.7,normal
CCTV,486.0,17.54,45.98,2,2.46,normal
Arduino,1582.42,177.62,437.81,10,24.16,attack
Arduino,548.67,23.12,33.46,0,1.48,normal
CCTV,400.41,13.58,44.88,0,2.28,normal
Smart_Light,544.92,25.62,44.87,1,2.34,normal
Smart_Light,1457.92,222.86,572.76,15,24.23,attack
Smart_Light,2129.62,130.73,502.93,15,22.16,attack
CCTV,484.56,17.64,55.99,2,2.35,normal
Arduino,585.08,19.82,49.98,0,2.78,normal
Smart_Light,396.63,18.94,41.35,4,2.56,normal
Smart_Light,481.72,22.52,55.21,1,2.67,normal
Smart_Thermostat,546.98,12.31,41.73,1,2.82,normal
CCTV,524.68,19.31,47.67,0,2.27,normal
Smart_Light,504.36,19.67,53.16,2,1.7,normal
Arduino,468.57,6.91,35.18,0,1.33,normal
Smart_Light,443.8,22.82,57.36,2,1.4,normal
Smart_Light,478.02,17.02,50.34,0,2.37,normal
Smart_Thermostat,464.66,21.82,43.25,2,1.39,normal
Smart_Thermostat,480.96,13.65,48.32,1,2.3,normal
Smart_Thermostat,1818.63,195.41,421.13,6,26.87,attack
Smart_Light,396.81,23.77,52.38,1,1.5,normal
CCTV,463.75,18.36,33.93,1,1.81,normal
Arduino,549.86,25.91,49.34,0,1.82,normal
CCTV,486.05,20.51,62.91,2,1.76,normal
Smart_Thermostat,479.19,23.02,50.49,1,2.1,normal
Smart_Light,544.72,11.67,45.37,1,3.22,normal
Arduino,507.27,16.48,66.92,1,2.07,normal
CCTV,473.23,16.87,55.39,0,2.28,normal
CCTV,500.98,15.99,55.79,2,2.23,normal
CCTV,596.09,5.57,45.03,3,1.83,normal
Smart_Light,412.45,19.11,50.82,1,1.82,normal
Smart_Light,527.84,9.84,40.68,2,2.34,normal
Smart_Thermostat,534.26,27.01,46.97,1,2.67,normal
Smart_Thermostat,552.93,11.93,38.11,0,2.13,normal
Smart_Thermostat,607.15,17.65,51.59,0,2.58,normal
Arduino,496.32,24.89,45.9,0,2.51,normal
CCTV,484.57,27.72,55.17,0,2.63,normal
CCTV,545.1,27.92,30.73,0,3.18,normal
Smart_Light,411.73,28.7,37.11,2,2.03,normal
Smart_Thermostat,447.31,25.13,55.97,3,1.98,normal
Smart_Thermostat,438.69,30.98,57.67,1,2.0,normal
Smart_Light,1426.79,256.27,287.49,15,21.59,attack
Smart_Light,511.64,14.32,41.76,0,1.63,normal
Smart_Light,545.72,14.65,22.95,0,1.95,normal
Smart_Thermostat,445.05,28.98,41.47,1,1.67,normal
CCTV,446.35,16.04,55.41,4,1.85,normal
Arduino,494.43,21.5,58.33,1,1.68,normal
Smart_Light,520.99,20.5,52.61,1,2.24,normal
Arduino,507.19,19.58,51.58,1,2.15,normal
CCTV,504.48,20.34,40.31,1,1.38,normal
CCTV,412.23,16.52,54.73,0,1.65,normal
CCTV,493.74,25.02,47.3,1,1.45,normal
Smart_Light,834.07,130.02,475.06,10,14.18,attack
CCTV,579.12,12.97,35.57,1,1.15,normal
Smart_Thermostat,496.22,25.0,52.23,2,2.49,normal
Smart_Light,525.3,22.64,44.3,0,1.91,normal
Arduino,507.36,16.6,56.15,0,2.25,normal
Smart_Light,1809.2,232.44,454.67,10,18.88,attack
Smart_Light,421.6,12.54,39.99,1,1.54,normal
Smart_Light,436.12,24.94,44.71,0,1.78,normal
Smart_Thermostat,402.92,8.08,53.46,1,2.25,normal
Smart_Light,532.05,27.49,37.58,0,1.15,normal
CCTV,498.4,20.17,27.82,1,1.42,normal
CCTV,426.94,14.42,67.09,1,1.09,normal
Arduino,1503.19,133.2,347.59,14,23.57,attack
Smart_Light,519.86,18.69,53.99,3,2.02,normal
Smart_Light,485.89,26.15,40.51,1,1.55,normal
CCTV,994.66,280.87,621.38,18,23.42,attack
Arduino,584.62,8.37,45.31,2,1.8,normal
Smart_Light,1472.24,201.5,796.09,10,24.01,attack
CCTV,475.75,22.31,33.72,1,2.53,normal
Arduino,526.96,32.05,38.79,0,0.83,normal
Arduino,460.62,15.64,66.93,1,2.02,normal
Smart_Thermostat,591.25,20.26,55.18,1,2.36,normal
Smart_Thermostat,499.42,25.15,60.95,0,1.6,normal
CCTV,1622.58,255.0,388.74,11,23.22,attack
Smart_Light,484.96,11.86,51.87,1,1.98,normal
Smart_Thermostat,460.09,17.5,40.54,1,1.61,normal
CCTV,511.53,15.81,43.76,0,1.62,normal
Smart_Light,474.16,13.56,44.64,1,2.78,normal
Arduino,528.61,22.98,47.33,0,1.51,normal
CCTV,1333.78,199.43,684.69,8,21.59,attack
Arduino,454.93,17.97,45.69,2,2.4,normal
CCTV,495.87,19.66,52.56,1,1.96,normal
Smart_Thermostat,448.31,18.63,39.2,1,2.01,normal
Smart_Thermostat,508.48,14.26,41.7,0,2.48,normal
CCTV,487.49,18.41,61.06,0,1.84,normal
CCTV,508.22,18.69,45.83,0,1.04,normal
Smart_Thermostat,1389.66,235.13,366.76,9,25.86,attack
Smart_Thermostat,533.47,25.62,38.88,2,1.49,normal
CCTV,1649.66,182.89,519.51,9,22.69,attack
CCTV,441.68,19.95,48.87,2,2.4,normal
Arduino,567.46,20.12,53.21,0,2.5,normal
Arduino,1432.79,130.12,600.91,12,27.05,attack
Arduino,486.16,16.64,37.46,1,1.72,normal
CCTV,875.38,233.61,306.75,7,13.17,attack
Smart_Light,1416.19,199.82,458.5,11,15.8,attack
Smart_Light,477.42,15.22,49.7,2,1.95,normal
Smart_Thermostat,521.89,21.63,72.44,2,0.64,normal
Smart_Thermostat,1634.09,249.55,680.45,14,20.09,attack
Smart_Light,469.42,17.46,60.46,1,2.8,normal
CCTV,565.73,16.57,59.78,0,1.71,normal
Smart_Light,418.51,22.78,30.91,0,2.38,normal
Arduino,468.3,14.31,43.85,3,2.28,normal
CCTV,524.29,28.04,34.47,0,2.33,normal
Smart_Thermostat,551.07,26.81,39.99,0,2.74,normal
CCTV,540.04,30.3,55.59,2,1.92,normal
Smart_Light,602.67,24.83,44.63,1,2.62,normal
Arduino,476.16,28.39,35.39,0,2.6,normal
Smart_Thermostat,515.82,17.68,49.24,2,2.39,normal
Arduino,437.1,24.4,49.56,0,2.54,normal
Arduino,1917.43,201.73,409.61,7,18.41,attack
CCTV,471.6,21.59,54.74,0,2.35,normal
Smart_Thermostat,408.15,11.41,67.86,1,1.55,normal
Smart_Thermostat,1900.91,203.5,443.78,8,20.29,attack
CCTV,506.28,21.31,56.68,4,1.16,normal
Arduino,474.93,20.03,45.31,1,2.77,normal
Smart_Light,469.5,20.16,51.74,3,2.18,normal
CCTV,513.61,19.71,55.48,1,1.33,normal
Arduino,543.2,19.49,50.85,2,2.68,normal
Smart_Light,479.27,16.38,53.14,0,1.82,normal
CCTV,546.44,23.13,60.2,1,3.01,normal
Smart_Light,1475.43,249.56,574.74,9,21.49,attack
Smart_Thermostat,1569.0,118.14,610.8,7,25.86,attack
Smart_Light,489.32,9.9,36.22,0,2.85,normal
CCTV,521.84,14.58,52.74,0,0.66,normal
Arduino,489.79,35.59,49.88,0,1.44,normal
Smart_Light,467.22,14.78,53.4,0,1.22,normal
Arduino,520.2,19.42,53.18,0,2.14,normal
CCTV,478.34,11.76,63.71,1,2.82,normal
Smart_Thermostat,499.45,19.62,40.65,2,1.89,normal
Smart_Light,494.22,26.35,61.91,1,2.09,normal
Smart_Thermostat,504.18,21.08,56.33,1,2.05,normal
Smart_Thermostat,442.83,18.38,54.37,1,2.1,normal
Arduino,1455.86,167.17,587.4,14,20.39,attack
Arduino,422.68,16.02,48.06,1,2.65,normal
Smart_Thermostat,491.29,28.57,66.87,0,1.83,normal
Arduino,458.33,18.2,47.61,2,1.98,normal
Arduino,613.73,167.91,437.41,7,15.11,attack
Smart_Light,1287.92,263.6,582.86,9,16.27,attack
Smart_Thermostat,1487.44,195.32,427.48,8,17.75,attack
CCTV,433.25,24.35,63.09,4,2.03,normal
Smart_Thermostat,503.3,12.36,67.83,4,3.14,normal
Smart_Thermostat,459.23,13.83,49.61,1,2.79,normal
Smart_Thermostat,566.22,15.23,58.63,0,0.97,normal
Smart_Thermostat,492.4,22.36,56.5,2,1.3,normal
Arduino,1272.1,233.18,605.96,9,17.22,attack
CCTV,459.74,22.74,66.67,0,2.39,normal
Smart_Thermostat,523.21,23.05,55.72,2,2.2,normal
Arduino,472.15,24.39,51.21,1,2.94,normal
Arduino,564.14,20.39,36.92,0,1.83,normal
Smart_Light,1320.21,236.36,396.89,11,30.46,attack
Smart_Thermostat,1467.04,190.8,422.78,14,28.33,attack
CCTV,474.77,20.64,51.67,1,2.1,normal
CCTV,1268.76,271.72,410.33,8,4.84,attack
CCTV,486.89,19.4,42.11,1,2.09,normal
CCTV,461.37,19.71,34.86,1,2.32,normal
CCTV,424.05,27.07,43.19,0,2.05,normal
Smart_Thermostat,446.83,25.11,39.44,1,1.47,normal
Arduino,389.16,15.76,46.46,1,2.09,normal
Smart_Thermostat,1209.94,259.08,446.06,11,10.5,attack
Smart_Light,510.67,17.37,44.59,1,2.45,normal
Arduino,495.23,28.65,27.54,1,2.1,normal
Arduino,542.67,11.63,38.23,0,2.83,normal
Arduino,483.11,16.86,62.29,2,2.23,normal
Smart_Light,613.52,20.27,60.5,0,1.49,normal
Smart_Thermostat,478.93,3.92,55.58,0,1.96,normal
CCTV,531.48,20.32,50.95,0,1.75,normal
Smart_Light,510.86,17.68,38.23,1,2.23,normal
CCTV,496.8,11.58,41.21,2,1.31,normal
CCTV,1804.78,179.83,351.48,11,9.75,attack
Smart_Light,547.21,16.54,35.83,2,1.1,normal
CCTV,1738.48,267.46,605.82,5,22.35,attack
CCTV,424.11,22.48,62.65,0,2.49,normal
Arduino,1894.13,199.23,413.2,4,18.93,attack
Smart_Thermostat,460.61,22.45,43.39,2,1.76,normal
Smart_Light,482.08,13.88,61.77,1,1.71,normal
Smart_Thermostat,460.45,22.37,50.43,1,2.45,normal
Smart_Light,532.19,22.81,35.46,2,1.98,normal
Smart_Thermostat,448.1,25.11,33.55,2,1.71,normal
Smart_Thermostat,549.71,21.27,48.71,0,1.75,normal
CCTV,525.35,18.74,58.59,3,1.68,normal
Smart_Thermostat,459.62,18.04,65.05,2,1.46,normal
CCTV,530.86,20.08,69.02,1,1.9,normal
CCTV,555.09,22.46,33.94,0,2.2,normal
CCTV,580.17,11.06,63.52,1,1.07,normal
Smart_Light,571.78,10.86,29.32,1,2.04,normal
CCTV,790.16,149.0,444.28,12,18.39,attack
Arduino,423.86,21.47,52.2,2,2.84,normal
Smart_Thermostat,500.23,24.41,50.0,0,2.56,normal
Arduino,1248.45,162.88,478.55,7,1.99,attack
Smart_Thermostat,480.52,21.55,65.21,0,2.05,normal
CCTV,1350.04,227.15,476.61,6,19.02,attack
Smart_Thermostat,487.49,25.93,50.79,1,2.89,normal
Smart_Light,443.43,24.44,60.14,0,2.33,normal
CCTV,1629.42,249.95,615.67,7,16.72,attack
CCTV,537.67,20.67,55.77,2,1.39,normal
Arduino,1256.85,170.57,536.19,10,29.82,attack
Smart_Thermostat,422.69,26.62,65.76,3,1.57,normal
Smart_Light,523.58,27.33,49.86,3,1.72,normal
Smart_Light,1310.63,229.97,538.57,11,15.95,attack
Smart_Light,488.56,20.22,58.24,0,1.39,normal
Smart_Thermostat,502.7,20.63,40.44,0,3.16,normal
Smart_Thermostat,534.37,22.1,51.99,3,2.0,normal
CCTV,544.57,18.98,47.1,4,2.22,normal
CCTV,528.95,22.66,52.15,0,1.64,normal
Smart_Thermostat,553.65,21.09,41.76,1,1.98,normal
Arduino,545.19,9.87,58.37,0,2.66,normal
Smart_Light,1335.23,158.23,327.74,7,20.61,attack
CCTV,570.77,17.93,55.11,3,2.8,normal
Smart_Light,505.88,20.76,44.21,1,1.55,normal
Arduino,1734.55,233.0,507.05,12,22.26,attack
Arduino,540.95,20.57,60.86,0,1.83,normal
Smart_Thermostat,495.41,19.88,53.63,1,1.73,normal
Arduino,415.96,17.5,52.8,1,2.49,normal
Smart_Light,567.71,25.33,42.86,4,2.52,normal
Arduino,539.2,21.85,37.36,0,2.48,normal
CCTV,496.9,24.31,57.45,1,2.06,normal
Arduino,563.68,16.04,57.63,0,2.59,normal
CCTV,526.46,22.0,56.3,0,2.75,normal
Arduino,434.0,18.81,62.86,2,1.97,normal
Smart_Thermostat,529.62,19.6,36.67,1,2.26,normal
Smart_Thermostat,919.37,172.54,633.04,6,19.4,attack
Smart_Thermostat,421.23,17.96,61.09,0,2.43,normal
Smart_Thermostat,555.63,19.64,50.86,4,1.86,normal
Smart_Light,439.05,29.13,30.25,4,2.84,normal
Smart_Light,515.04,23.84,52.99,0,2.37,normal
Smart_Light,524.61,21.81,52.27,0,2.0,normal
Arduino,530.41,26.73,48.25,2,2.68,normal
Arduino,523.77,17.69,50.76,1,2.43,normal
Arduino,520.58,15.29,61.21,3,2.4,normal
Arduino,458.03,18.16,72.55,1,2.2,normal
Arduino,598.66,23.61,44.85,2,2.0,normal
Smart_Light,433.2,25.35,48.12,3,0.91,normal
CCTV,509.17,20.22,62.64,0,1.5,normal
Smart_Thermostat,554.85,27.21,73.53,0,1.21,normal
Smart_Light,511.91,15.8,52.21,0,1.82,normal
CCTV,456.45,29.75,48.18,1,1.93,normal
Smart_Thermostat,516.35,15.82,66.53,0,3.04,normal
Arduino,1400.45,246.99,493.06,6,26.07,attack
Smart_Thermostat,481.13,26.72,42.67,3,1.63,normal
Smart_Thermostat,473.78,20.11,40.78,2,2.84,normal
Smart_Thermostat,418.74,20.41,45.85,2,2.75,normal
Smart_Light,523.08,18.53,40.99,0,1.79,normal
Smart_Thermostat,517.13,15.22,47.4,3,2.19,normal
Smart_Light,433.3,22.27,47.66,3,2.56,normal
CCTV,509.15,15.04,51.05,1,2.08,normal
CCTV,448.6,15.06,54.9,2,1.83,normal
CCTV,469.08,16.03,29.28,2,2.08,normal
CCTV,451.83,10.9,50.47,0,1.11,normal
Smart_Light,533.02,19.26,50.31,2,1.91,normal
Smart_Thermostat,591.92,20.62,48.45,3,1.75,normal
CCTV,2196.98,181.45,455.09,9,25.31,attack
Smart_Light,539.89,25.94,45.47,2,2.09,normal
Arduino,478.75,19.34,47.97,1,2.09,normal
Arduino,448.27,29.1,55.21,0,1.87,normal
CCTV,409.38,33.15,57.28,0,1.51,normal
Arduino,1353.47,122.44,546.51,8,10.87,attack
CCTV,456.0,22.56,43.11,1,2.39,normal
Arduino,563.29,19.14,82.09,0,1.59,normal
Smart_Thermostat,487.19,26.38,41.92,5,1.88,normal
Arduino,434.93,13.81,47.37,2,2.11,normal
Smart_Thermostat,1101.59,198.66,636.16,12,20.28,attack
CCTV,478.39,15.95,34.54,2,2.21,normal
Smart_Thermostat,501.83,28.43,50.39,1,3.1,normal
Smart_Thermostat,583.85,14.18,62.04,1,1.8,normal
Smart_Thermostat,531.15,23.21,42.13,3,1.51,normal
Smart_Light,412.55,21.41,66.76,0,1.93,normal
Arduino,1776.31,176.01,456.74,15,30.93,attack
Smart_Thermostat,444.18,18.95,34.94,0,2.59,normal
Arduino,580.79,15.18,52.13,5,1.99,normal
CCTV,440.07,21.47,37.75,0,0.82,normal
Smart_Thermostat,1377.2,147.19,311.97,13,14.87,attack
Arduino,523.99,24.47,48.11,1,1.28,normal
Smart_Light,435.7,16.26,60.36,0,2.37,normal
Arduino,507.19,26.73,54.37,1,2.65,normal
Arduino,417.52,23.68,60.27,1,1.68,normal
Smart_Light,497.07,19.49,45.41,2,2.21,normal
CCTV,583.34,21.54,53.06,2,2.92,normal
Smart_Thermostat,1451.05,254.56,569.49,14,22.02,attack
CCTV,408.04,16.08,51.31,1,1.57,normal
Smart_Light,473.86,15.45,61.38,1,1.36,normal
Smart_Light,399.49,13.38,68.08,2,2.82,normal
Arduino,406.82,23.94,50.34,2,2.35,normal
CCTV,2028.5,261.18,452.3,15,24.05,attack
Smart_Thermostat,541.91,18.71,37.59,0,1.96,normal
Smart_Light,1612.91,175.49,373.38,12,28.77,attack
Smart_Thermostat,504.73,16.72,37.52,3,1.41,normal
Arduino,1987.93,211.8,461.4,9,15.42,attack
Smart_Thermostat,488.57,19.99,51.77,0,1.53,normal
Smart_Light,504.63,26.21,51.23,2,1.27,normal
CCTV,523.26,24.18,51.64,1,2.16,normal
Arduino,1702.91,198.12,523.39,9,25.82,attack
Smart_Thermostat,547.37,15.37,55.24,2,2.41,normal
Smart_Light,471.09,21.48,49.35,0,2.05,normal
Smart_Thermostat,479.96,27.92,55.72,2,2.87,normal
CCTV,478.3,28.3,46.0,0,1.08,normal
Arduino,483.4,17.76,52.2,0,2.09,normal
Smart_Thermostat,460.22,27.0,47.63,0,1.34,normal
Smart_Light,553.85,17.88,61.87,0,1.55,normal
Arduino,513.48,19.35,57.79,0,1.44,normal
CCTV,1707.52,177.14,551.71,10,16.26,attack
Arduino,420.55,26.47,56.5,1,1.66,normal
CCTV,475.39,20.6,47.64,1,2.07,normal
Smart_Thermostat,1403.47,198.38,691.27,10,13.38,attack
CCTV,469.27,19.99,41.52,1,1.56,normal
Arduino,465.59,32.16,44.08,0,2.89,normal
Arduino,552.5,22.88,47.91,1,1.39,normal
CCTV,1810.31,248.08,614.9,8,16.88,attack
Smart_Light,529.49,14.78,59.9,1,2.68,normal
Smart_Light,1235.41,127.86,548.01,11,26.92,attack
Smart_Light,448.9,22.01,59.64,1,2.48,normal
Smart_Light,1617.08,163.29,454.16,10,20.03,attack
CCTV,502.87,22.71,30.14,1,2.65,normal
Smart_Thermostat,479.94,23.55,59.28,1,2.1,normal
Arduino,411.58,17.89,52.51,1,1.81,normal
Arduino,1273.64,184.55,413.26,19,20.07,attack
CCTV,495.16,26.02,41.27,1,2.41,normal
Arduino,1290.12,189.53,645.48,10,11.82,attack
Smart_Light,538.88,15.54,42.68,2,1.73,normal
Smart_Thermostat,480.79,16.19,75.86,2,2.21,normal
CCTV,529.35,21.01,46.72,1,1.82,normal
CCTV,1496.4,151.1,350.28,12,23.63,attack
Arduino,371.17,17.14,44.0,0,2.34,normal
Smart_Thermostat,532.35,16.58,36.72,1,1.86,normal
Arduino,505.61,19.79,45.21,2,2.53,normal
Arduino,580.85,16.15,61.43,0,2.09,normal
Smart_Light,443.61,17.91,43.01,1,2.22,normal
CCTV,482.2,28.24,50.68,1,2.06,normal
Arduino,410.67,22.73,66.29,1,1.57,normal
Arduino,1843.85,263.69,605.41,10,21.73,attack
Smart_Thermostat,505.8,28.22,52.07,2,2.46,normal
Smart_Light,507.42,22.35,53.63,0,2.39,normal
Smart_Thermostat,486.76,24.77,61.31,1,1.95,normal
Smart_Thermostat,503.51,20.78,20.77,1,1.43,normal
CCTV,495.14,29.38,41.94,0,1.92,normal
Arduino,512.3,19.29,53.91,3,2.72,normal
CCTV,577.76,19.73,55.02,2,1.69,normal
Smart_Thermostat,1826.73,115.81,596.18,13,24.1,attack
Arduino,488.1,17.5,52.82,0,1.25,normal
Smart_Thermostat,496.59,19.22,25.74,0,2.41,normal
Arduino,515.95,5.44,39.65,1,0.97,normal
Smart_Light,521.11,20.68,46.41,0,0.98,normal
Smart_Thermostat,493.34,17.94,67.64,0,1.41,normal
Arduino,440.62,22.89,49.36,3,1.77,normal
Smart_Thermostat,1930.46,135.38,635.69,15,26.69,attack
CCTV,450.65,14.06,56.56,0,2.93,normal
Arduino,439.98,27.12,46.34,0,2.14,normal
Arduino,394.27,17.88,50.63,0,1.86,normal
Arduino,442.71,22.16,58.74,0,2.09,normal
Arduino,464.24,20.28,49.29,0,1.27,normal
Smart_Light,468.78,14.4,70.41,1,2.68,normal
Smart_Thermostat,588.18,24.32,37.71,2,2.47,normal
Smart_Thermostat,441.02,22.32,66.03,1,2.23,normal
Arduino,575.47,12.18,53.75,2,2.12,normal
Smart_Light,1345.84,241.74,571.84,8,19.4,attack
Arduino,491.72,23.97,67.12,1,1.68,normal
Smart_Light,550.4,13.55,52.14,0,2.61,normal
CCTV,494.76,25.26,40.68,1,1.62,normal
Smart_Light,463.72,14.6,48.99,0,2.15,normal
Arduino,527.58,21.51,47.11,1,2.34,normal
Smart_Thermostat,1371.58,195.4,518.61,8,26.51,attack
Smart_Thermostat,1182.75,231.17,488.34,6,21.07,attack
Smart_Thermostat,527.72,18.08,44.3,0,1.96,normal
Smart_Light,456.02,15.9,47.77,1,2.14,normal
Smart_Light,512.38,19.16,34.7,1,1.93,normal
Smart_Light,518.91,15.76,46.67,0,1.29,normal
Arduino,433.04,24.47,52.62,3,1.94,normal
CCTV,524.7,26.76,29.1,2,1.67,normal
CCTV,450.4,21.91,44.56,2,2.37,normal
Smart_Thermostat,453.08,17.27,47.18,1,2.53,normal
Arduino,498.46,27.13,48.41,2,1.51,normal
Arduino,533.35,12.27,46.37,0,2.15,normal
Smart_Light,1453.6,196.99,560.62,16,16.31,attack
Arduino,1687.68,188.84,469.28,15,26.85,attack
Arduino,1713.48,220.09,346.3,9,15.2,attack
Arduino,469.67,19.88,48.7,0,1.99,normal
Smart_Light,2117.96,157.85,537.85,8,16.97,attack
Smart_Thermostat,550.95,19.37,61.7,1,1.86,normal
Arduino,1356.83,240.58,484.37,13,20.57,attack
CCTV,490.28,23.33,51.89,1,2.8,normal
Arduino,474.96,21.16,65.94,1,2.84,normal
Arduino,508.6,20.23,63.3,1,1.93,normal
Arduino,482.29,16.62,51.16,2,2.2,normal
Smart_Thermostat,489.06,21.22,47.3,2,2.03,normal
Smart_Thermostat,626.56,13.73,51.78,0,1.44,normal
Smart_Thermostat,494.89,20.19,54.01,0,1.61,normal
Smart_Thermostat,484.59,21.47,51.62,0,2.65,normal
Smart_Thermostat,453.55,25.66,53.66,1,2.58,normal
Smart_Light,516.34,23.62,54.55,4,1.23,normal
Smart_Light,467.42,20.34,34.8,1,1.66,normal
Smart_Light,552.37,20.19,41.99,2,1.85,normal
Smart_Light,553.32,21.48,64.18,1,1.65,normal
Smart_Thermostat,492.7,23.29,50.65,2,2.93,normal
Arduino,509.94,26.06,47.24,3,1.52,normal
Smart_Thermostat,453.34,19.44,49.31,0,1.61,normal
CCTV,503.58,23.31,58.33,2,2.3,normal
Arduino,399.98,19.47,37.65,0,1.38,normal
Smart_Light,469.45,23.98,49.98,0,1.91,normal
CCTV,2033.7,208.14,463.33,15,19.47,attack
CCTV,1798.62,228.78,470.49,11,17.69,attack
Smart_Thermostat,503.96,25.62,55.59,0,2.02,normal
Smart_Light,513.63,21.71,39.01,0,2.02,normal
Smart_Light,1384.47,160.71,512.14,16,18.67,attack
Arduino,489.2,21.67,48.29,1,1.97,normal
Smart_Thermostat,1911.16,295.62,325.2,10,18.37,attack
Smart_Thermostat,1576.32,224.23,465.74,9,23.65,attack
Arduino,500.95,26.62,49.32,1,1.86,normal
Arduino,1815.76,107.85,524.73,9,24.43,attack
Smart_Thermostat,554.67,14.57,35.48,0,1.11,normal
Smart_Light,425.29,20.9,45.08,1,1.69,normal
CCTV,1597.09,175.88,488.0,12,15.46,attack
CCTV,493.13,21.23,45.59,2,0.98,normal
Smart_Thermostat,501.83,21.56,37.39,1,2.61,normal
Smart_Thermostat,552.92,21.47,53.53,1,1.64,normal
CCTV,502.84,14.42,43.91,2,2.24,normal
Smart_Thermostat,435.91,18.13,44.37,0,2.19,normal
Arduino,582.27,16.17,56.09,2,1.82,normal
Smart_Thermostat,478.77,21.99,45.37,2,1.85,normal
CCTV,469.21,18.76,50.27,0,2.34,normal
Smart_Light,478.82,12.21,36.56,0,2.37,normal
Smart_Light,1929.96,203.44,462.87,7,14.55,attack
CCTV,544.56,26.1,33.43,2,2.93,normal
Arduino,436.77,30.96,42.84,0,2.48,normal
Arduino,1365.33,179.69,509.68,11,11.93,attack
Smart_Thermostat,492.64,15.7,58.25,0,2.09,normal
CCTV,525.48,19.06,63.91,3,1.89,normal
Smart_Light,475.93,23.46,52.33,1,1.6,normal
CCTV,1328.56,248.31,538.08,6,27.73,attack
Smart_Thermostat,539.37,12.93,55.38,1,2.43,normal
Smart_Thermostat,571.2,27.07,49.71,0,2.07,normal
Smart_Thermostat,469.34,17.7,46.64,0,2.29,normal
Smart_Thermostat,471.71,17.57,47.07,0,1.78,normal
Arduino,415.85,25.6,42.86,1,1.95,normal
CCTV,515.63,23.22,66.87,2,1.65,normal
CCTV,554.18,18.7,56.0,1,2.17,normal
Smart_Light,1601.35,217.9,469.44,14,18.98,attack
Smart_Thermostat,1645.87,326.42,575.43,12,22.91,attack
Smart_Light,480.53,26.78,49.65,0,1.55,normal
Smart_Thermostat,543.89,15.83,38.97,0,1.78,normal
Arduino,544.15,22.58,54.58,4,2.44,normal
Smart_Light,506.32,20.86,27.57,1,2.67,normal
CCTV,450.62,12.16,39.36,2,2.19,normal
CCTV,1222.43,221.7,516.74,9,15.44,attack
Smart_Light,525.96,16.93,53.79,0,1.92,normal
Arduino,1849.0,247.59,645.77,13,20.65,attack
Smart_Thermostat,467.23,20.95,46.44,0,2.18,normal
Smart_Thermostat,551.11,22.93,50.94,1,1.05,normal
Smart_Light,501.23,10.18,61.97,2,1.62,normal
Smart_Thermostat,461.44,23.34,55.38,1,1.43,normal
Arduino,489.44,15.89,45.01,0,1.62,normal
Smart_Light,1522.91,288.83,339.2,7,11.89,attack
Arduino,1610.02,268.26,558.2,9,20.99,attack
Arduino,512.25,20.36,48.66,0,1.65,normal
CCTV,489.74,21.24,45.82,2,2.02,normal
Smart_Light,528.17,17.27,34.02,2,1.81,normal
Arduino,1143.32,222.09,517.56,12,19.24,attack
CCTV,590.04,16.69,57.71,3,1.77,normal
Smart_Thermostat,497.42,15.95,55.85,1,2.31,normal
Arduino,1366.33,153.55,345.29,11,20.51,attack
Smart_Thermostat,426.38,23.67,44.25,0,1.83,normal
Smart_Light,458.67,21.2,37.8,1,3.11,normal
Smart_Light,481.2,17.19,45.11,0,0.63,normal
Smart_Light,1300.21,146.12,650.38,14,20.52,attack
Arduino,423.37,21.35,61.49,2,1.21,normal
Arduino,489.2,16.99,61.01,0,2.19,normal
Smart_Thermostat,482.25,32.3,46.9,2,1.72,normal
CCTV,1563.22,232.09,580.78,19,19.81,attack
CCTV,408.71,25.01,55.88,3,1.33,normal
CCTV,402.07,22.89,48.72,0,1.36,normal
Smart_Thermostat,395.16,19.08,50.99,0,1.59,normal
Smart_Thermostat,473.6,15.18,66.06,2,2.71,normal
Smart_Light,556.17,23.38,51.93,2,2.76,normal
Arduino,1106.32,233.77,661.68,9,17.87,attack
Arduino,453.75,21.34,51.87,0,2.19,normal
Smart_Thermostat,1632.0,258.86,515.96,7,22.43,attack
Smart_Thermostat,549.39,16.12,42.2,0,2.5,normal
Smart_Light,2011.74,134.49,479.49,10,21.38,attack
Smart_Thermostat,506.2,23.07,62.04,1,1.26,normal
Smart_Thermostat,590.46,15.88,43.26,0,0.89,normal
Smart_Light,522.74,19.67,52.59,0,1.47,normal
Smart_Thermostat,585.5,23.34,45.87,0,2.07,normal
Smart_Light,1463.56,217.62,646.1,6,20.01,attack
CCTV,1558.08,172.12,485.8,10,21.06,attack
Arduino,494.1,14.22,43.18,1,2.58,normal
Smart_Thermostat,516.49,18.14,64.74,4,1.78,normal
CCTV,507.43,18.49,59.33,0,2.03,normal
Arduino,517.66,11.76,46.72,3,1.98,normal
Smart_Light,1751.1,218.42,454.23,11,25.36,attack
Smart_Light,598.81,31.48,35.96,1,2.49,normal
Smart_Light,486.58,21.78,64.27,0,2.19,normal
CCTV,509.41,22.48,54.86,1,1.19,normal
Smart_Light,420.56,22.0,49.78,0,2.31,normal
Arduino,469.45,18.07,37.89,1,2.02,normal
Smart_Thermostat,536.51,18.14,44.27,0,2.46,normal
Arduino,531.31,21.94,55.6,1,2.58,normal
Arduino,507.78,14.49,65.64,1,2.4,normal
Arduino,388.16,25.2,43.45,1,1.95,normal
Smart_Light,1251.55,234.28,436.08,7,19.22,attack
Smart_Light,471.65,21.39,57.23,0,2.11,normal
CCTV,530.27,22.36,55.31,2,1.46,normal
CCTV,491.34,16.24,35.9,0,1.61,normal
Smart_Light,440.93,7.53,49.62,1,2.13,normal
Smart_Light,485.05,22.61,42.64,1,1.43,normal
Smart_Light,512.8,14.4,62.52,0,2.46,normal
Smart_Thermostat,1828.83,277.68,354.03,9,24.51,attack
CCTV,546.73,21.85,38.83,0,1.98,normal
CCTV,1790.64,129.12,639.07,8,21.98,attack
Arduino,532.72,21.45,63.16,1,1.73,normal
Smart_Light,530.0,30.05,30.29,1,1.97,normal
Smart_Light,387.89,24.16,51.64,1,2.13,normal
Smart_Thermostat,517.84,29.74,38.46,1,2.36,normal
Smart_Light,471.63,29.01,70.22,0,2.92,normal
Smart_Thermostat,452.54,18.54,56.15,3,0.84,normal
Smart_Light,455.51,15.2,52.54,0,2.35,normal
Smart_Thermostat,519.06,23.23,58.93,1,2.98,normal
Smart_Thermostat,534.42,18.83,65.89,1,2.25,normal
CCTV,517.06,18.38,59.94,2,1.5,normal
Smart_Thermostat,1196.19,112.0,455.42,9,17.48,attack
Smart_Thermostat,417.41,20.17,65.62,2,1.65,normal
Arduino,524.79,23.22,43.22,0,1.85,normal
Smart_Thermostat,549.12,18.38,62.62,0,2.46,normal
Smart_Thermostat,541.23,15.42,43.96,0,2.73,normal
Smart_Light,518.03,25.3,42.17,1,2.34,normal
Arduino,529.58,24.18,39.47,2,2.17,normal
CCTV,529.78,16.96,48.36,0,2.84,normal
Smart_Thermostat,484.78,18.44,56.19,0,2.99,normal
CCTV,501.94,16.57,38.55,0,2.2,normal
CCTV,513.09,26.17,39.86,0,1.65,normal
Smart_Thermostat,581.04,22.43,65.25,0,2.18,normal
Arduino,510.78,18.24,45.59,0,1.44,normal
Smart_Light,1690.91,242.36,562.67,12,25.38,attack
Arduino,517.95,14.8,68.49,2,1.35,normal
CCTV,517.81,18.13,67.79,1,2.68,normal
CCTV,494.32,28.0,56.73,0,2.15,normal
Smart_Thermostat,578.27,15.48,43.67,1,2.88,normal
CCTV,528.15,19.46,49.23,1,2.66,normal
CCTV,583.8,19.09,43.97,2,2.23,normal
Smart_Light,534.96,11.96,47.2,0,1.94,normal
Smart_Thermostat,498.45,20.6,46.21,1,1.34,normal
Arduino,457.23,18.63,39.48,1,1.76,normal
Smart_Thermostat,533.67,14.87,49.49,1,2.28,normal
Smart_Light,491.65,14.18,51.71,1,1.96,normal
Smart_Thermostat,529.66,25.26,46.48,0,1.57,normal
Arduino,1326.28,312.89,434.18,18,14.39,attack
Smart_Light,484.84,25.35,52.36,1,2.87,normal
Smart_Light,1301.66,189.97,492.21,11,22.75,attack
Smart_Light,500.73,10.53,53.1,1,2.19,normal
Smart_Light,512.08,19.5,56.43,1,2.57,normal
Arduino,411.89,11.17,47.25,0,2.49,normal
CCTV,1936.42,294.04,554.69,15,22.99,attack
Smart_Thermostat,570.96,17.38,56.45,1,1.76,normal
Arduino,484.45,22.01,56.69,1,1.94,normal
Smart_Light,481.56,16.05,59.98,2,2.09,normal
Smart_Thermostat,466.87,20.43,44.67,0,1.59,normal
Smart_Light,448.23,23.21,56.69,0,2.87,normal
CCTV,517.41,25.25,43.58,3,1.16,normal
CCTV,524.86,14.62,52.57,4,1.48,normal
CCTV,1404.65,207.58,419.03,10,22.92,attack
Smart_Thermostat,1435.33,168.41,604.0,10,16.46,attack
Arduino,529.55,19.22,57.64,0,2.2,normal
Smart_Thermostat,563.76,22.55,44.86,0,2.26,normal
Arduino,1579.19,135.81,633.74,11,23.83,attack
Smart_Thermostat,519.61,12.19,55.95,1,2.38,normal
Smart_Light,470.67,16.24,40.01,1,1.3,normal
Smart_Light,464.96,26.6,46.65,1,2.86,normal
CCTV,1422.98,258.92,392.69,11,22.4,attack
Smart_Thermostat,430.38,16.85,32.24,0,2.84,normal
CCTV,496.85,21.08,66.15,2,2.74,normal
CCTV,485.68,17.49,39.21,0,2.42,normal
Arduino,594.78,19.25,52.0,1,1.97,normal
Smart_Thermostat,486.18,21.15,42.3,1,2.34,normal
CCTV,452.06,16.82,57.41,1,2.48,normal
Smart_Light,1461.04,181.02,495.6,12,15.63,attack
Arduino,481.94,20.61,50.87,0,1.63,normal
Smart_Light,485.61,24.99,61.47,0,1.04,normal
CCTV,460.18,12.63,50.86,2,2.02,normal
Smart_Light,1324.58,111.64,723.78,8,8.98,attack
CCTV,553.23,31.4,47.05,0,1.67,normal
Arduino,1538.1,168.25,692.89,13,23.71,attack
Arduino,415.41,16.63,41.0,0,1.97,normal
CCTV,1437.86,227.12,487.25,9,16.48,attack
Arduino,584.84,29.95,28.39,0,2.06,normal
Smart_Light,485.11,16.92,34.22,1,2.0,normal
Smart_Light,521.33,24.33,45.68,1,1.77,normal
Arduino,539.11,25.21,45.37,1,1.84,normal
Smart_Thermostat,580.83,16.7,46.82,0,1.73,normal
Arduino,456.6,23.36,69.35,0,1.56,normal
Smart_Thermostat,1816.47,247.2,382.33,6,26.25,attack
Smart_Light,552.47,19.03,37.01,0,1.82,normal
Smart_Thermostat,491.13,20.97,40.32,2,1.74,normal
Arduino,476.12,14.72,41.08,3,0.95,normal
Smart_Light,509.61,12.15,51.27,0,1.5,normal
Arduino,488.99,23.76,45.09,2,2.44,normal
CCTV,1962.4,266.7,577.77,16,20.37,attack
CCTV,474.9,21.61,47.09,1,1.9,normal
CCTV,2049.34,233.48,582.85,9,10.66,attack
Smart_Light,537.02,13.78,48.46,2,2.63,normal
CCTV,531.6,22.16,41.05,0,1.21,normal
Smart_Light,410.53,22.4,44.74,1,1.42,normal
Smart_Light,1188.19,156.59,346.7,9,13.68,attack
CCTV,561.33,28.89,64.72,2,2.1,normal
CCTV,1524.86,214.48,479.79,9,20.64,attack
Smart_Light,1612.25,235.1,626.41,9,24.21,attack
Smart_Thermostat,1173.41,340.07,451.28,8,8.91,attack
Smart_Light,485.73,23.88,51.4,2,2.23,normal
CCTV,516.8,22.5,55.0,2,2.44,normal
Arduino,529.87,29.22,50.15,0,1.99,normal
CCTV,494.88,21.43,55.02,1,2.2,normal
Arduino,532.54,26.69,48.16,2,2.66,normal
Smart_Thermostat,1411.59,139.06,451.46,11,14.45,attack
Smart_Thermostat,512.84,10.55,34.73,1,1.25,normal
Smart_Thermostat,553.46,18.96,42.12,3,2.11,normal
Arduino,495.87,23.29,62.71,1,2.54,normal
CCTV,1426.91,161.76,402.97,11,23.7,attack
Smart_Thermostat,597.31,23.17,52.02,0,2.23,normal
Arduino,419.29,32.14,48.74,0,2.11,normal
Smart_Light,1865.41,251.73,483.25,14,17.98,attack
CCTV,1409.81,105.0,476.29,12,21.64,attack
Smart_Light,1415.84,236.92,533.61,3,16.8,attack
Smart_Thermostat,501.61,15.53,48.17,1,1.72,normal
Smart_Light,1961.52,163.33,349.08,11,23.95,attack
Smart_Thermostat,525.28,19.9,40.92,0,2.23,normal
Arduino,496.47,21.18,58.33,0,1.9,normal
Smart_Light,478.25,12.61,27.09,1,1.45,normal
Smart_Light,548.39,29.64,56.36,2,1.61,normal
Smart_Light,548.6,20.72,41.74,1,1.8,normal
Smart_Thermostat,1089.24,165.35,527.37,12,25.45,attack
Smart_Thermostat,1876.42,262.58,545.72,9,23.16,attack
CCTV,494.5,15.26,26.07,0,1.93,normal
Arduino,515.27,31.05,44.71,0,2.95,normal
Arduino,557.3,31.2,67.05,1,2.22,normal
Smart_Light,531.04,12.87,47.02,2,2.97,normal
CCTV,524.15,26.23,53.1,0,1.53,normal
Smart_Light,502.19,26.11,44.32,2,2.26,normal
Arduino,876.85,160.82,500.5,10,20.17,attack
Arduino,477.01,18.3,50.96,2,2.1,normal
Smart_Light,536.7,19.95,38.81,0,1.44,normal
Smart_Thermostat,466.51,25.18,49.27,1,1.58,normal
Arduino,367.53,21.7,57.17,1,1.54,normal
CCTV,458.53,22.96,46.19,2,1.9,normal
Arduino,555.79,19.22,46.16,2,1.59,normal
Smart_Light,409.17,23.95,45.44,1,2.23,normal
Smart_Light,1396.7,150.35,570.74,10,17.86,attack
Smart_Thermostat,564.93,21.41,56.89,2,2.3,normal
Smart_Thermostat,465.02,15.93,60.04,1,1.62,normal
CCTV,543.28,25.41,41.62,3,1.58,normal
Arduino,554.58,21.48,33.33,1,2.73,normal
Smart_Thermostat,510.92,18.65,53.31,0,1.4,normal
Smart_Thermostat,482.19,25.44,55.21,0,2.08,normal
Smart_Light,459.99,19.91,49.65,1,1.74,normal
Smart_Thermostat,463.03,29.26,42.17,0,2.36,normal
Smart_Thermostat,461.44,17.49,39.54,1,1.9,normal
Smart_Thermostat,1383.2,134.16,387.5,7,21.67,attack
Arduino,416.39,15.97,39.5,3,1.45,normal
Arduino,1467.55,186.12,569.67,11,33.51,attack
CCTV,392.32,21.12,53.5,1,2.07,normal
Smart_Thermostat,534.69,24.69,48.55,0,1.42,normal
Smart_Thermostat,530.51,22.37,53.78,2,1.91,normal
Smart_Thermostat,445.31,18.17,50.48,2,1.54,normal
Smart_Light,1669.0,178.26,523.86,15,14.63,attack
CCTV,444.25,12.37,47.06,2,1.63,normal
CCTV,412.41,25.64,50.51,0,2.1,normal
Smart_Light,522.53,18.84,42.95,1,2.39,normal
Arduino,555.27,7.62,45.43,1,2.11,normal
Arduino,560.88,17.01,50.67,1,2.19,normal
Smart_Light,1537.31,279.91,521.67,13,12.92,attack
Arduino,489.12,15.78,68.64,2,2.25,normal
CCTV,508.2,16.29,44.94,1,1.43,normal
CCTV,465.76,15.36,50.06,0,2.44,normal
Arduino,572.22,11.64,53.87,2,2.0,normal
Arduino,508.51,15.43,55.8,1,2.05,normal
Arduino,440.94,16.89,32.11,1,2.5,normal
Smart_Light,363.66,7.29,42.06,2,1.12,normal
Arduino,467.23,20.97,44.47,0,1.47,normal
Smart_Thermostat,560.25,25.77,41.34,1,1.4,normal
Arduino,1897.0,198.35,522.08,10,19.79,attack
Smart_Thermostat,1228.66,171.56,342.41,10,18.33,attack
Smart_Light,561.04,28.69,46.45,1,1.61,normal
Smart_Thermostat,542.17,15.3,40.62,0,2.09,normal
CCTV,1093.44,107.76,548.75,12,28.52,attack
Smart_Thermostat,545.92,13.16,44.18,1,1.54,normal
Smart_Thermostat,452.03,14.09,44.62,1,1.91,normal
Smart_Light,547.35,5.56,47.18,0,1.17,normal
CCTV,496.3,17.95,37.76,1,0.76,normal
Smart_Thermostat,466.53,17.67,53.3,1,2.28,normal
CCTV,570.85,26.04,42.64,0,1.78,normal
Smart_Light,478.89,18.65,42.69,3,2.55,normal
CCTV,513.44,17.43,49.93,1,1.61,normal
Arduino,476.67,18.16,62.88,0,2.04,normal
Smart_Light,537.91,18.13,57.91,1,1.02,normal
Smart_Light,1496.56,145.49,682.08,5,18.29,attack
Smart_Thermostat,524.34,28.39,59.96,3,1.96,normal
Smart_Thermostat,581.08,16.15,50.6,0,2.48,normal
Smart_Light,496.19,11.69,58.6,1,0.62,normal
Smart_Light,556.4,25.18,57.57,1,1.1,normal
Arduino,1522.75,111.55,546.31,9,17.55,attack
Smart_Light,451.67,22.63,22.95,2,2.24,normal
Smart_Thermostat,1426.79,225.11,486.85,13,15.98,attack
Smart_Thermostat,470.54,17.57,45.61,1,2.52,normal
Smart_Thermostat,477.02,14.68,44.47,0,1.71,normal
Smart_Thermostat,459.81,16.22,52.13,2,1.45,normal
CCTV,539.81,16.22,57.12,0,2.29,normal
CCTV,495.67,17.25,48.16,1,1.49,normal
Smart_Thermostat,473.78,17.21,42.36,1,1.63,normal
Arduino,507.88,21.6,48.94,2,1.8,normal
Smart_Light,1435.32,246.78,355.3,6,15.43,attack
CCTV,548.57,19.26,55.62,1,2.3,normal
Smart_Thermostat,450.36,17.25,47.53,0,1.44,normal
Smart_Thermostat,534.85,23.23,43.63,1,2.4,normal
Smart_Light,1772.04,220.29,493.01,14,16.01,attack
Smart_Thermostat,473.79,25.09,51.17,1,1.92,normal
Arduino,999.21,235.61,526.7,11,18.58,attack
Arduino,515.09,26.58,51.97,0,2.02,normal
CCTV,465.5,19.45,51.5,0,2.73,normal
Arduino,511.62,17.28,65.65,0,1.68,normal
CCTV,577.71,26.85,57.34,1,2.71,normal
CCTV,496.9,10.76,38.71,0,2.24,normal
CCTV,456.93,20.49,47.73,1,2.32,normal
Arduino,510.32,20.81,56.69,1,1.75,normal
Smart_Light,2431.02,188.16,489.65,19,13.61,attack
CCTV,583.03,26.28,44.42,5,1.91,normal
Arduino,526.26,8.06,41.66,0,1.65,normal
Arduino,506.52,18.29,44.35,0,2.16,normal
CCTV,1256.44,235.58,518.48,9,18.17,attack
Arduino,541.23,24.12,49.16,3,1.91,normal
CCTV,488.41,18.29,38.47,1,1.81,normal
CCTV,1208.35,125.98,250.1,10,14.73,attack
Smart_Thermostat,1898.12,65.97,654.81,6,19.66,attack
CCTV,529.92,18.82,37.09,2,2.45,normal
Smart_Light,566.45,29.93,36.88,0,2.53,normal
CCTV,502.18,21.49,68.28,0,0.98,normal
Smart_Thermostat,487.86,20.61,62.87,1,1.94,normal
Smart_Thermostat,475.31,12.0,63.63,2,1.71,normal
Smart_Thermostat,500.76,21.68,46.25,1,1.76,normal
Smart_Light,495.23,17.19,52.96,3,2.55,normal
Smart_Thermostat,1393.97,189.4,590.2,11,16.16,attack
Smart_Thermostat,499.62,18.68,45.39,0,2.28,normal
Smart_Light,565.27,17.21,60.0,0,1.99,normal
Smart_Light,404.67,16.93,51.29,0,1.81,normal
Arduino,529.8,15.25,37.82,0,2.2,normal
Arduino,540.58,15.89,58.88,2,1.86,normal
CCTV,1056.58,212.15,283.04,12,23.57,attack
CCTV,500.75,17.84,21.83,0,1.61,normal
Smart_Light,444.08,20.55,38.42,1,2.06,normal
Smart_Light,486.16,21.79,43.0,1,2.11,normal
Smart_Light,549.69,18.73,45.8,1,2.01,normal
Arduino,1427.2,194.78,607.4,18,23.29,attack
Arduino,1175.09,227.76,425.33,9,18.0,attack
Smart_Thermostat,592.69,28.01,35.53,1,1.36,normal
Smart_Thermostat,470.49,19.4,31.44,1,2.24,normal
Smart_Thermostat,511.62,19.76,37.81,1,1.26,normal
Smart_Thermostat,538.43,20.18,54.6,0,2.98,normal
Smart_Thermostat,406.17,16.0,55.9,0,2.11,normal
Smart_Light,608.87,10.88,42.61,1,1.69,normal
Smart_Light,511.45,18.74,49.86,0,2.81,normal
CCTV,1485.16,187.41,479.04,7,23.04,attack
Smart_Light,493.78,23.07,54.85,5,2.5,normal
Smart_Thermostat,536.92,24.23,41.37,2,2.04,normal
Smart_Light,508.84,13.25,57.84,0,1.9,normal
CCTV,1530.43,162.31,584.28,7,17.31,attack
Smart_Light,486.12,22.73,42.15,2,2.35,normal
CCTV,450.47,18.57,69.52,2,2.04,normal
Arduino,469.69,12.19,51.13,3,2.93,normal
Smart_Light,521.44,12.72,56.04,0,2.31,normal
CCTV,465.94,20.74,59.97,0,2.53,normal
Smart_Thermostat,500.63,25.69,58.2,1,2.86,normal
Arduino,476.63,16.12,41.42,1,2.56,normal
CCTV,571.69,16.52,55.29,0,2.68,normal
Smart_Light,531.72,27.65,37.16,0,1.54,normal
Smart_Light,492.28,24.8,52.34,1,2.27,normal
CCTV,1332.55,148.45,646.16,15,11.2,attack
Smart_Thermostat,543.65,23.04,54.19,0,0.48,normal
Smart_Thermostat,493.84,21.31,47.73,1,2.28,normal
CCTV,504.75,28.64,54.14,2,2.12,normal
CCTV,459.29,16.25,52.33,2,1.18,normal
Arduino,479.41,25.24,49.1,0,2.8,normal
CCTV,1677.07,217.29,502.32,11,24.2,attack
Smart_Thermostat,520.3,17.5,59.4,3,1.14,normal
Arduino,382.78,24.35,51.51,0,2.31,normal
Arduino,454.0,11.3,35.32,0,1.98,normal
Arduino,1795.52,219.32,402.77,8,18.09,attack
Arduino,1899.49,167.9,642.45,11,18.85,attack
Arduino,445.43,18.37,46.92,2,2.18,normal
Smart_Thermostat,508.63,34.23,61.0,2,1.95,normal
Smart_Light,1216.37,272.52,510.26,8,15.27,attack
Smart_Thermostat,570.94,13.48,51.91,1,2.37,normal
Smart_Thermostat,553.87,14.5,45.73,1,2.09,normal
Smart_Light,516.85,22.26,66.76,0,1.9,normal
Smart_Light,1413.52,158.77,369.5,12,21.7,attack
CCTV,1400.55,204.02,504.05,4,23.81,attack
Smart_Light,496.11,25.51,39.54,1,2.08,normal
Arduino,467.31,30.6,65.52,1,1.17,normal
Smart_Thermostat,1618.92,178.61,514.67,6,12.32,attack
CCTV,538.69,24.21,55.74,2,1.75,normal
Arduino,453.77,18.91,30.07,0,1.6,normal
Smart_Thermostat,557.23,19.49,37.44,2,1.58,normal
Arduino,449.58,28.49,54.52,1,1.9,normal
Smart_Light,584.96,16.51,53.43,2,1.68,normal
Smart_Thermostat,403.39,12.75,54.67,1,1.97,normal
Arduino,404.73,19.68,53.54,1,1.34,normal
Smart_Thermostat,527.14,22.72,59.0,1,1.62,normal
CCTV,503.89,27.72,53.85,0,0.65,normal
Smart_Light,514.14,13.06,59.68,3,1.73,normal
Smart_Light,517.83,31.18,36.71,1,1.86,normal
CCTV,1556.04,135.17,567.06,8,18.15,attack
Smart_Thermostat,1432.37,182.52,602.68,18,18.69,attack
Smart_Thermostat,386.9,26.66,76.46,3,2.62,normal
CCTV,483.61,19.79,50.16,2,2.09,normal
Smart_Light,449.95,18.02,58.41,0,1.12,normal
CCTV,524.89,17.35,63.86,2,2.58,normal
Smart_Light,540.88,23.3,32.89,2,1.25,normal
Smart_Thermostat,586.74,14.65,53.27,3,1.95,normal
Arduino,469.06,27.52,54.55,0,1.99,normal
CCTV,1822.62,255.52,608.25,15,16.7,attack
CCTV,474.65,24.63,29.56,1,2.32,normal
Smart_Thermostat,1244.71,225.04,575.94,11,16.06,attack
Smart_Thermostat,516.19,18.79,29.79,0,2.3,normal
Smart_Light,506.56,23.33,52.4,1,2.95,normal
CCTV,431.91,13.91,48.36,0,1.97,normal
Arduino,482.08,25.7,35.17,1,2.17,normal
Arduino,520.12,15.74,50.27,0,2.2,normal
Smart_Light,535.91,18.32,48.86,1,1.99,normal
Arduino,539.01,17.46,38.19,2,2.83,normal
Smart_Light,1141.47,234.61,477.82,15,11.76,attack
Smart_Thermostat,508.47,14.32,40.39,1,1.61,normal
Smart_Light,447.85,21.85,46.17,1,2.22,normal
Smart_Light,1539.15,134.44,412.94,8,18.33,attack
Arduino,431.39,14.43,39.61,3,2.34,normal
Smart_Thermostat,495.86,24.33,33.93,3,1.35,normal
Arduino,626.23,21.85,29.64,1,1.73,normal
Arduino,637.94,18.64,43.29,0,1.71,normal
CCTV,520.46,17.87,35.72,3,1.55,normal
CCTV,1591.97,270.35,521.9,10,16.96,attack
Smart_Light,530.21,20.31,54.03,0,1.4,normal
CCTV,473.19,14.96,58.26,2,2.04,normal
Smart_Thermostat,561.04,17.83,46.29,0,1.96,normal
Smart_Light,1781.89,210.87,641.08,7,13.54,attack
Smart_Light,548.35,16.38,53.1,1,2.27,normal
Smart_Thermostat,470.68,24.39,46.9,2,2.07,normal
Arduino,578.11,34.73,52.51,1,1.67,normal
Arduino,507.88,14.11,60.03,1,1.46,normal
Smart_Light,557.83,26.87,49.6,0,2.69,normal
Smart_Light,1936.7,180.71,314.06,12,18.66,attack
CCTV,532.57,16.93,43.04,0,1.57,normal
Smart_Thermostat,486.08,20.76,48.66,2,2.47,normal
Smart_Light,532.81,23.85,48.6,0,2.3,normal
CCTV,1500.86,218.2,420.72,4,19.59,attack
Smart_Light,482.77,16.82,42.21,0,2.32,normal
Arduino,591.94,21.6,53.42,2,1.54,normal
CCTV,543.98,18.26,54.55,2,1.06,normal
Arduino,499.09,23.97,49.12,1,2.61,normal
Smart_Light,1448.41,153.02,541.4,12,19.85,attack
Smart_Thermostat,446.78,22.12,58.64,0,1.9,normal
Smart_Thermostat,1202.37,158.19,451.79,6,22.54,attack
CCTV,478.8,22.38,47.1,0,0.88,normal
Arduino,574.9,15.34,51.84,0,2.66,normal
Arduino,492.09,23.19,67.02,1,1.45,normal
Smart_Light,539.81,20.83,59.71,0,1.73,normal
Smart_Light,498.81,21.61,38.67,0,2.16,normal
Smart_Thermostat,1661.39,152.36,415.53,8,20.31,attack
Smart_Thermostat,486.2,20.14,69.27,0,2.01,normal
Arduino,483.56,12.97,44.53,1,1.95,normal
CCTV,518.41,32.68,50.88,0,1.87,normal
Arduino,465.21,19.2,67.85,1,1.92,normal
Arduino,436.02,12.28,74.36,1,1.7,normal
Smart_Thermostat,404.29,12.86,54.52,1,2.12,normal
CCTV,486.86,25.95,49.17,1,1.97,normal
Smart_Thermostat,438.94,24.32,46.79,1,1.7,normal
Arduino,2099.88,167.13,469.11,5,28.21,attack
Arduino,533.04,21.17,47.04,1,2.05,normal
Smart_Thermostat,465.92,27.43,40.62,1,2.59,normal
Smart_Light,1441.32,270.45,554.91,6,17.35,attack
Smart_Light,1184.3,240.44,622.72,13,27.67,attack
Smart_Light,479.08,18.56,51.37,1,1.72,normal
Arduino,537.9,18.91,41.22,0,1.67,normal
Smart_Thermostat,459.74,20.72,40.6,1,1.47,normal
CCTV,499.71,25.66,58.07,2,1.46,normal
Smart_Light,1554.5,246.56,480.76,9,22.36,attack
Smart_Light,626.05,26.82,23.89,0,1.91,normal
Smart_Light,538.71,17.7,45.76,1,1.98,normal
Arduino,469.55,20.04,48.82,0,2.53,normal
Arduino,400.55,20.15,55.63,0,1.64,normal
CCTV,495.66,19.53,57.66,1,1.03,normal
CCTV,581.61,15.37,47.9,0,1.74,normal
Smart_Thermostat,442.06,19.84,51.53,0,1.73,normal
Smart_Thermostat,488.56,20.84,46.84,0,2.58,normal
Smart_Light,573.81,27.35,62.77,0,0.9,normal
CCTV,479.81,24.28,46.05,0,1.94,normal
Arduino,479.98,17.0,49.25,2,2.15,normal
Smart_Light,446.49,21.34,53.19,0,1.17,normal
Arduino,1426.9,188.95,410.97,17,16.71,attack
Smart_Thermostat,465.04,20.3,64.2,1,2.14,normal
CCTV,461.69,24.37,58.61,0,1.19,normal
Smart_Thermostat,501.0,23.77,57.84,2,2.22,normal
Smart_Thermostat,1125.01,164.61,321.86,7,23.08,attack
CCTV,423.57,27.79,50.75,1,2.24,normal
Smart_Light,514.76,22.29,57.43,1,1.55,normal
Smart_Light,501.8,16.41,45.26,0,1.94,normal
Arduino,385.06,14.4,56.32,1,1.75,normal
Arduino,467.02,21.66,63.37,1,1.87,normal
Arduino,457.31,15.87,60.39,3,1.9,normal
Arduino,567.97,13.17,65.09,2,2.19,normal
CCTV,554.92,17.62,60.68,2,1.81,normal
Arduino,495.17,19.09,54.9,2,2.04,normal
Smart_Light,542.97,19.09,41.09,0,1.84,normal
CCTV,1694.28,224.68,603.87,8,21.01,attack
Smart_Thermostat,560.42,14.83,32.62,0,1.75,normal
Smart_Light,1378.5,206.47,464.69,13,20.15,attack
Smart_Thermostat,1718.18,245.09,553.8,4,28.93,attack
Smart_Thermostat,1115.71,149.79,563.28,12,17.45,attack
Smart_Thermostat,523.08,28.95,67.82,0,2.15,normal
Smart_Light,368.21,15.55,55.02,0,2.08,normal
CCTV,463.78,10.03,51.26,1,1.39,normal
Arduino,534.95,11.62,32.03,0,1.73,normal
Smart_Light,601.07,23.7,40.69,0,1.76,normal
Smart_Light,1592.01,199.25,697.26,11,16.02,attack
Arduino,492.14,13.4,53.48,0,2.36,normal
Arduino,1848.02,268.09,441.33,16,20.38,attack
Smart_Thermostat,1565.78,275.89,459.05,8,15.25,attack
Smart_Thermostat,1802.51,143.92,518.99,5,19.67,attack
Smart_Thermostat,505.24,17.65,50.14,3,1.47,normal
CCTV,451.18,24.88,54.49,0,2.87,normal
Arduino,556.05,23.24,49.68,0,2.06,normal
Smart_Light,493.57,18.19,41.44,0,1.91,normal
CCTV,556.36,15.9,60.33,2,1.28,normal
Arduino,504.82,22.74,38.72,1,2.63,normal
CCTV,1778.39,156.3,504.74,14,15.77,attack
Arduino,529.46,22.79,36.78,3,1.93,normal
CCTV,528.95,23.89,42.66,1,2.37,normal
CCTV,2147.16,201.83,681.43,9,14.15,attack
Smart_Thermostat,1392.21,187.13,439.39,14,29.31,attack
Smart_Thermostat,360.03,20.46,40.88,4,2.41,normal
Arduino,486.34,27.28,54.15,0,2.37,normal
Smart_Light,509.87,20.57,52.32,0,2.04,normal
Smart_Thermostat,446.06,17.89,33.28,2,1.58,normal
Smart_Thermostat,500.97,22.91,31.94,1,2.5,normal
CCTV,564.83,16.33,48.53,1,2.27,normal
Smart_Light,574.01,22.54,33.72,0,1.12,normal
Arduino,510.91,20.69,45.92,0,1.25,normal
Smart_Thermostat,553.95,20.23,38.27,0,2.65,normal
Smart_Light,495.64,26.06,48.19,1,2.41,normal
Arduino,551.47,19.37,47.47,0,2.19,normal
Smart_Thermostat,477.3,16.88,58.1,1,1.23,normal
Arduino,1943.61,236.01,630.2,7,14.06,attack
Arduino,485.86,22.19,50.62,1,1.64,normal
CCTV,469.05,23.94,60.28,2,1.36,normal
Smart_Light,499.99,16.09,46.3,0,2.4,normal
Smart_Light,1834.58,185.3,418.47,12,24.06,attack
Smart_Light,423.2,14.52,57.7,2,3.27,normal
Smart_Light,558.28,17.75,42.02,1,1.09,normal
Smart_Light,570.8,16.42,50.16,0,1.4,normal
Smart_Light,482.15,14.31,43.66,1,1.86,normal
CCTV,385.14,19.36,64.12,1,1.93,normal
Smart_Thermostat,412.9,25.38,46.59,2,1.87,normal
Smart_Light,430.1,23.57,35.1,1,2.24,normal
Smart_Thermostat,508.32,26.18,70.7,1,2.43,normal
Smart_Light,1846.65,225.18,527.61,10,25.95,attack
Smart_Thermostat,578.68,18.5,70.52,2,2.31,normal
CCTV,449.39,20.31,53.94,2,1.62,normal
Smart_Thermostat,523.22,25.75,50.66,3,2.84,normal
Smart_Light,473.08,17.83,60.76,0,1.53,normal
Arduino,520.06,29.27,60.2,1,2.27,normal
Smart_Thermostat,518.05,25.07,54.51,2,2.07,normal
Smart_Light,522.57,14.32,62.35,1,2.32,normal
Smart_Thermostat,430.95,17.94,37.71,0,2.28,normal
Arduino,517.92,9.36,31.48,0,2.41,normal
CCTV,441.77,24.13,42.82,0,2.41,normal
Smart_Light,484.78,33.72,54.67,0,2.82,normal
CCTV,493.56,19.81,48.97,1,2.28,normal
Smart_Thermostat,524.44,25.31,57.88,1,1.76,normal
CCTV,1326.56,174.66,547.09,16,18.52,attack
Smart_Thermostat,1510.07,254.47,488.61,7,20.08,attack
Smart_Light,519.54,25.49,51.51,1,2.83,normal
Arduino,551.23,11.12,56.48,1,2.7,normal
Arduino,518.9,18.11,53.2,1,2.02,normal
CCTV,532.48,11.46,44.16,1,3.52,normal
Arduino,445.67,17.17,46.14,0,2.34,normal
CCTV,512.26,14.39,47.14,3,2.08,normal
CCTV,527.89,25.65,55.22,1,1.89,normal
Smart_Light,407.44,17.08,64.21,3,1.26,normal
CCTV,381.63,20.53,56.05,0,2.15,normal
Arduino,1500.26,242.61,624.87,10,20.85,attack
Smart_Light,488.72,26.08,52.14,0,2.13,normal
Smart_Light,598.97,18.55,39.59,2,2.96,normal
Smart_Thermostat,463.53,29.66,62.67,0,1.64,normal
CCTV,519.02,27.68,63.1,1,2.43,normal
Arduino,523.67,19.55,33.18,1,1.38,normal
Arduino,411.07,25.73,59.31,2,2.14,normal
CCTV,510.15,15.87,40.21,0,1.5,normal
Arduino,2056.54,218.91,547.95,12,22.7,attack
Smart_Light,525.6,23.31,71.86,1,2.14,normal
Smart_Thermostat,474.12,22.8,35.64,0,2.07,normal
Smart_Thermostat,486.84,22.46,52.06,1,2.15,normal
Smart_Light,489.52,20.39,52.9,2,2.16,normal
Smart_Thermostat,503.98,25.07,49.16,1,2.09,normal
CCTV,478.11,11.26,38.83,1,1.55,normal
CCTV,462.6,20.5,54.74,3,1.18,normal
CCTV,462.79,15.87,63.71,2,2.01,normal
CCTV,542.99,21.78,49.42,3,2.09,normal
Smart_Thermostat,490.4,17.0,42.19,1,1.76,normal
CCTV,552.57,19.58,45.39,1,2.03,normal
Smart_Thermostat,352.89,16.49,52.96,2,1.95,normal
Smart_Light,500.95,24.79,43.64,0,1.75,normal
Smart_Light,491.26,13.77,41.74,2,1.57,normal
Smart_Thermostat,529.55,26.71,53.79,4,2.6,normal
Smart_Thermostat,1126.58,194.69,522.06,15,19.16,attack
Smart_Light,425.44,18.61,61.17,0,1.47,normal
Smart_Thermostat,406.85,18.79,56.25,1,2.48,normal
Smart_Light,848.27,196.26,582.43,7,17.93,attack
Arduino,1184.54,151.11,494.84,10,16.14,attack
Smart_Thermostat,1608.84,205.99,388.26,11,16.82,attack
Arduino,1785.6,193.88,481.85,9,25.39,attack
Smart_Thermostat,1237.37,191.91,501.06,11,22.12,attack
Arduino,551.24,24.54,40.03,1,1.47,normal
Arduino,563.74,22.16,38.21,2,2.2,normal
Smart_Thermostat,1881.87,196.85,506.24,10,21.7,attack
Smart_Light,532.81,15.08,41.54,1,1.51,normal
Arduino,500.72,17.47,49.37,2,1.57,normal
Smart_Thermostat,480.02,19.74,55.05,0,2.04,normal
Arduino,1726.08,98.8,344.65,11,25.02,attack
CCTV,936.69,219.08,428.44,12,19.48,attack
Smart_Thermostat,510.04,11.62,51.4,0,2.03,normal
Arduino,2153.51,181.05,731.29,6,19.99,attack
CCTV,468.75,18.91,58.3,4,2.46,normal
Smart_Light,586.02,22.16,43.42,0,1.76,normal
Smart_Light,507.44,12.42,54.53,1,1.75,normal
Smart_Thermostat,535.45,10.56,46.63,0,2.52,normal
Smart_Light,589.07,22.83,56.38,3,2.44,normal
Smart_Thermostat,448.74,14.55,50.91,0,2.29,normal
Smart_Light,467.81,25.56,53.9,1,2.56,normal
Arduino,448.45,21.89,52.64,0,1.38,normal
CCTV,424.7,17.91,32.29,4,1.65,normal
Arduino,490.78,22.06,43.69,0,1.59,normal
Smart_Thermostat,454.89,26.64,38.33,1,1.93,normal
Arduino,474.21,17.78,71.28,1,2.38,normal
CCTV,536.01,22.6,43.93,1,2.21,normal
Smart_Light,422.6,18.33,41.24,0,1.6,normal
Arduino,568.34,21.57,41.09,1,2.03,normal
Smart_Light,521.49,28.49,33.37,0,2.09,normal
Arduino,624.27,20.68,53.62,1,1.39,normal
Arduino,470.18,16.81,36.4,2,2.76,normal
Arduino,522.12,11.05,42.52,2,1.11,normal
Arduino,489.01,16.66,59.79,1,2.42,normal
Arduino,501.1,9.78,36.82,2,2.3,normal
Arduino,429.38,19.21,33.47,0,2.2,normal
Arduino,479.52,27.78,42.92,0,2.04,normal
Arduino,539.93,18.49,65.36,2,1.63,normal
CCTV,623.6,19.84,47.85,1,2.43,normal
Smart_Light,524.69,21.82,51.6,1,2.22,normal
Smart_Thermostat,442.89,21.91,41.85,0,1.68,normal
CCTV,449.74,23.42,58.5,0,2.83,normal
Smart_Thermostat,457.4,21.48,57.16,1,2.46,normal
CCTV,504.94,20.59,64.19,0,2.42,normal
Arduino,441.17,23.15,43.77,0,1.47,normal
Smart_Light,1082.06,261.53,411.93,8,17.99,attack
CCTV,560.47,16.67,45.47,1,3.16,normal
CCTV,499.71,17.16,49.54,0,1.41,normal
CCTV,551.07,24.11,56.98,0,2.56,normal
Smart_Light,2024.32,131.34,270.25,9,22.68,attack
Smart_Thermostat,786.73,235.01,722.03,15,23.03,attack
Arduino,1228.92,257.12,387.46,12,20.07,attack
Smart_Light,742.73,175.23,381.63,16,30.28,attack
Smart_Thermostat,813.9,73.98,606.61,12,16.56,attack
Smart_Light,453.85,20.47,53.0,2,1.01,normal
Arduino,387.32,20.15,41.53,1,2.73,normal
Arduino,465.63,25.49,26.29,0,1.73,normal
Smart_Thermostat,540.24,11.58,61.88,2,1.6,normal
Arduino,1371.82,107.68,618.41,3,20.44,attack
Arduino,2037.46,257.77,633.19,13,20.4,attack
Smart_Light,597.18,20.28,52.88,0,1.87,normal
Smart_Thermostat,455.24,15.18,35.61,1,2.85,normal
CCTV,602.58,26.53,61.53,0,1.85,normal
Arduino,502.27,20.32,40.29,2,2.39,normal
Smart_Thermostat,515.03,8.82,53.25,2,2.73,normal
CCTV,469.13,14.51,64.54,1,1.46,normal
CCTV,1275.16,135.72,546.84,11,15.75,attack
Smart_Thermostat,531.74,21.41,40.48,0,2.14,normal
Arduino,500.44,28.79,41.84,1,1.86,normal
CCTV,1681.6,178.93,757.69,14,19.68,attack
Smart_Thermostat,523.21,22.84,61.76,0,1.36,normal
Arduino,540.97,15.61,53.06,1,1.99,normal
CCTV,466.2,26.61,41.41,1,2.71,normal
Arduino,471.56,23.61,43.56,3,1.59,normal
Smart_Thermostat,340.22,18.69,43.3,1,3.06,normal
Arduino,482.41,22.13,38.74,0,2.12,normal
CCTV,1229.56,265.0,539.49,14,12.4,attack
Arduino,1450.43,164.56,473.47,14,21.47,attack
CCTV,636.8,22.84,43.7,1,2.17,normal
Arduino,1477.57,125.25,496.76,7,22.83,attack
Smart_Light,522.59,23.94,42.57,0,2.47,normal

